施設_名称,施設_所在地
Ａｒｔｉｓａｎ　Ｋｅｎ,青森県八戸市長苗代一丁目４－１６
アーバンデンタル工房,青森県八戸市大字石手洗字京塚１－４５
荒町技工所,青森県八戸市大字白銀町字雷４７－３８
イナテック,青森県八戸市大字長苗代字窪田１４番地３
ウルシダテテクニカルオフィス,青森県八戸市小中野六丁目１８－２１
ＡＤクラフト,青森県八戸市石堂四丁目２－３０
越後有床義歯研究所,青森県八戸市大字湊町字穴畑７－８６
ＭＴデンチャーラボ,青森県八戸市大字田面木字上野平９１－５
エム・ディー・エル,青森県八戸市大字新井田字風浚１５－１０
Ｏ＆Ｎデンタルラボラトリー,青森県八戸市類家一丁目１番８号
大嶋デンタル工房,青森県八戸市長苗代一丁目８－３
小笠原歯科技工所,青森県八戸市大字糠塚字長久保１－３７
加賀歯科技工所,青森県八戸市大字白銀町字小沼７－３０
川村デンタルワーク,青森県八戸市大字根城字馬場頭２４－１２
川原田歯科技工所,青森県八戸市大字類家字堤端８６
共立歯科技工所,青森県八戸市大字沢里字二ツ屋３-３２ｸﾞﾘｰﾝﾊｳｽK101号
玄ラボ,青森県八戸市大字尻内町字尻内８－１４
Ｋークラフト,青森県八戸市下長７丁目６－２０
有限会社コスモデンタル,青森県八戸市岬台二丁目１３－１９
さいとう技研,青森県八戸市大字長苗代字制札前１６－６　
有限会社佐藤デンタルラボラトリー,青森県八戸市大字根城字西ノ沢１０２－６
ＣＡデンタル,青森県八戸市長根四丁目１０―１１
雫石デンタル・ラボラトリー,青森県八戸市城下三丁目１４番２５号
鈴木歯科技研,青森県八戸市大字大久保字袖ﾉ沢１２－４
高橋デンタルアート,青森県八戸市売市字鴨ヶ池３５－５夏堀荘Ａ６号
田沢デンタルスタジオ,青森県八戸市大字湊町字油久保１７―１５　
種市歯科技研,青森県八戸市青葉二丁目３－１１
Ｄ．Ｌ．Ｍ．Ｏ,青森県八戸市柏崎四丁目１６－１４
株式会社デベロップデント,青森県八戸市下長五丁目７－５
デンタル・ラボ・フィット,青森県八戸市石堂三丁目８番４号
デンタルラボ村上,青森県八戸市長苗代一丁目９－５
デンタルラボ齋藤,青森県八戸市大字新井田字寺沢１－５
デンタルラボユイ,青森県八戸市大字田面木字山道下タ３５－８
（有）中屋敷歯科技工所,青森県八戸市大字新井田字古戸沢６－１０
成田デンタルラボ,青森県八戸市八太郎３丁目１－１０ ｺｰﾎﾟﾗｽﾜﾀﾅﾍﾞE
根市デンタル技工,青森県八戸市大字白銀町字雷２６－６
野田歯科技工所,青森県八戸市大字新井田字市子巻目１２－２
有限会社八戸デンタルサービス社,青森県八戸市柏崎５丁目７－１２
英歯科技工所,青森県八戸市旭ヶ丘４丁目１－６８
ファンクショナルアーツ,青森県八戸市石堂一丁目２７番１５号
補綴工房乙部,青森県八戸市下長一丁目１４－１７
森谷歯科技工所,青森県八戸市河原木字見立山８－１１６
Ｕ,青森県八戸市大久保字鷹待場１－２
ＵＲデンタルラボ,青森県八戸市売市二丁目５－１１
ラボラトリー・Ｊテック,青森県八戸市吹上２丁目１９－１３武藤貸屋Ｂ
ワイ・エヌ・ファクトリー,青森県八戸市長者４丁目６－３０
Ａｚ－Ｌａｂ．,青森県八戸市大字鮫町字下手代森６番地７
有限会社箱石歯科技工所,青森県八戸市石堂一丁目１５番１４号
Ｌａｂｏ　Ｙ’ｓ　ラボ　ワイズ,青森県八戸市南郷大字市野沢字馬場瀬３４番地２０
堀部歯科補綴研究所,青森県八戸市根城二丁目２９番１５号
対馬デンタルプランニング,青森県八戸市大字根城字西ノ沢３７－１７
株式会社ａｔデンタルラボ,青森県八戸市長苗代三丁目２番８号
岩城歯科技工所,青森県八戸市大字新井田字長宝野１２番地７８
歯科技工所ＤＤＬ,青森県八戸市城下一丁目１５番２８号
有限会社東北デンタルプランニング,青森県八戸市下長四丁目５番１９号
野坂歯科技工所,青森県八戸市大字鮫町字熊野林８番地９
