"施設名","緯度","経度","住所","電話番号"
"三浦歯科技工所","34.702798","137.711019","浜松市中央区鴨江二丁目33-27","053-453-8895"
"藤谷歯科技工所","34.721114","137.753091","浜松市中央区上西町33-27","053-464-6978"
"有限会社P.D.K","34.709611","137.700253","浜松市中央区佐鳴台四丁目24-8","053-448-8882"
"アイソ・デンタル・ラボラトリー","34.683803","137.659369","浜松市中央区篠原町20354","053-447-1496"
"桐澤歯科技工所","34.719879","137.777189","浜松市中央区天龍川町134","053-464-0209"
"伸和技研","34.722047","137.741458","浜松市中央区新津町577-1","053-463-6031"
"星野歯科技工室","34.697456","137.760299","浜松市中央区本郷町1366-12","053-461-0965"
"中村歯科技工所","34.695028","137.727146","浜松市中央区上浅田一丁目12-15","053-456-7701"
"大津歯科技工所","34.718617","137.739086","浜松市中央区野口町432","053-463-8608"
"アマノデンチャーラボ室","34.779458","137.693920","浜松市中央区花川町85","053-438-0378"
"浜松デンタルエイト","34.700623","137.683674","浜松市中央区入野町9241-3","053-448-4812"
"デンタルファクトリー","34.689262","137.729063","浜松市中央区南浅田二丁目2-21","053-441-8216"
"松本歯科技工所","34.781003","137.766963","浜松市中央区西ケ崎町930-1","053-435-4301"
"デンタルラボNEGI","34.683816","137.743789","浜松市中央区寺脇町358-2","053-442-1255"
"有限会社マキノ・ラボラトリー","34.720858","137.708560","浜松市中央区富塚町200-37","053-471-3648"
"伊藤デンタルラボ","34.777050","137.806751","浜松市中央区豊町3556-3","053-433-4303"
"フジタデンタルスタジオ","34.687856","137.724655","浜松市中央区神田町199-1　ドミール江西203","053-442-4771"
"セラテックデンタルラボラトリー","34.702036","137.672280","浜松市中央区入野町16109-6","053-447-7963"
"キャストデンタルスタジオ","34.740720","137.735371","浜松市中央区上島六丁目13-15","053-472-9975"
"クローバーデンタルラボラトリー","34.749745","137.750961","浜松市中央区有玉南町1814-1","053-475-9551"
"アイラボ","34.699406","137.770190","浜松市中央区三和町862-1","053-462-3699"
"デンタルラボラトリー・ハル","34.713971","137.753713","浜松市中央区将監町3-4","053-464-4697"
"有限会社宏和ラボ","34.772643","137.701600","浜松市中央区葵西五丁目18-20","053-437-7387"
"ADL有限会社","34.713098","137.736861","浜松市中央区中央一丁目6-1","053-454-7677"
"ヨネクラデンタルラボ","34.700515","137.778036","浜松市中央区下飯田町490-1","053-426-3654"
"青島ラボ","34.699900","137.740164","浜松市中央区寺島町422","053-453-2959"
"石原歯科技工所","34.771185","137.783023","浜松市中央区中郡町1858-2","053-434-5690"
"宮木歯科技工所","34.768399","137.639623","浜松市中央区呉松町3559-4","053-487-3205"
"高台ラボ","34.753438","137.725634","浜松市中央区小豆餅二丁目18-10","053-439-0740"
"APラボ","34.721575","137.738839","浜松市中央区助信町13-16","053-466-1188"
"有限会社宏和ラボ　三方原支社","34.774196","137.711238","浜松市中央区三方原町283-6","053-438-1691"
"黒栁歯研","34.674661","137.714114","浜松市中央区米津町1265-2","053-442-6402"
"オブジェデンタルカンパニー","34.742653","137.724551","浜松市中央区幸一丁目15-26","053-474-4900"
"有限会社ノーブル","34.744605","137.711546","浜松市中央区和合町315-1194","053-473-7201"
"遠藤デンタルラボラトリー","34.688092","137.691299","浜松市中央区増楽町697-2","053-449-1006"
"D.C.ラボラトリー","34.705738","137.757199","浜松市中央区渡瀬町809-1","053-465-4328"
"O.F.Pラボラトリー","34.771280","137.719596","浜松市中央区初生町1215-3","053-439-6803"
"野末デンタル工房","34.712759","137.721043","浜松市中央区鹿谷町27-9","053-453-7089"
"Y'sデンタルスタジオ","34.685324","137.750258","浜松市中央区寺脇町672-1","053-442-4235"
"パールデンタル","34.670592","137.723150","浜松市中央区米津町398","053-441-7899"
"マルクデンタルラボ","34.765023","137.788546","浜松市中央区笠井新田町844","053-434-7479"
"ゲンテック","34.759712","137.720465","浜松市中央区高丘東三丁目38-22","053-438-8976"
"デンタルラボ寺田","34.739145","137.728949","浜松市中央区幸二丁目12-16","053-474-0769"
"バイトケア・優","34.748567","137.741237","浜松市中央区上島七丁目17-4","053-412-4050"
"大場デンタルラボ","34.703622","137.745389","浜松市中央区中島一丁目4-25","053-463-6548"
"マルゼン歯科技工室","34.761943","137.671140","浜松市中央区湖東町1169-57","053-486-4284"
"K'sデンタルラボラトリー","34.742391","137.670337","浜松市中央区伊左地町3240","053-485-6765"
"マブネデンタルラボ","34.740158","137.712280","浜松市中央区和合町313-3","053-476-5677"
"牧野デンタルアート","34.735934","137.714558","浜松市中央区和合町179-15","053-473-0020"
"ダックス・デント・ラボ","34.653789","137.775616","浜松市中央区遠州浜四丁目19-3","053-425-5296"
"有限会社足立デンタルラボ","34.797068","137.727361","浜松市中央区三幸町87-11","053-437-3889"
"ウェーブデンチャーラボ","34.683395","137.772967","浜松市中央区立野町333-2","053-426-1011"
"久米デンタルラボラトリー","34.763771","137.751721","浜松市中央区有玉北町1019-2","053-434-6327"
"石津歯科技工室","34.714020","137.745450","浜松市中央区佐藤一丁目31-7","053-464-7265"
"OGI","34.753941","137.744281","浜松市中央区有玉南町988-3","053-432-2033"
"ステージホワイトデンタルラボラトリー","34.735417","137.711900","浜松市中央区和合町317-81","053-474-3348"
"平野歯科技工所","34.764431","137.712777","浜松市中央区高丘東五丁目31-10","053-436-7569"
"ベルデンタルラボ","34.682728","137.660277","浜松市中央区篠原町20392","053-448-7964"
"歯科技工俊光","34.693097","137.698923","浜松市中央区若林町2765-2","053-449-2271"
"角川デンタルラボ","34.683643","137.730696","浜松市中央区瓜内町1935-4","053-443-1461"
"ODT","34.683463","137.735110","浜松市中央区瓜内町1046","053-442-8132"
"アイテック","34.687525","137.688874","浜松市中央区増楽町738-3","053-440-7300"
"歯科工房Yamaguchi","34.773385","137.745040","浜松市中央区半田山四丁目17-8","053-435-0735"
"和デンタルオフィス","34.755796","137.633127","浜松市中央区平松町2-1","053-487-1991"
"野田デンタルラボ","34.703617","137.762040","浜松市中央区渡瀬町106","053-461-1853"
"佐藤デンタルラボ","34.744677","137.710504","浜松市中央区和合町315-1378","053-472-1397"
"鈴元技工","34.683402","137.750761","浜松市中央区寺脇町764-2","053-441-8994"
"ラボラトリー・アイソ","34.743691","137.710813","浜松市中央区和合町315-1025","053-471-3257"
"マロニエ工房","34.705404","137.709569","浜松市中央区鴨江三丁目13-6","053-458-3444"
"Fitデンタルラボラトリー","34.730966","137.746949","浜松市中央区早出町1077-7","053-465-6753"
"メイク","34.775175","137.689962","浜松市中央区花川町1788","053-439-8998"
"コスギ・デンチャー・テクニカ","34.767837","137.762355","浜松市中央区積志町810","053-434-1336"
"M's Dental LaboTec","34.757143","137.725268","浜松市中央区小豆餅一丁目34-30","053-439-0776"
"佐々木昭技工室","34.676006","137.705934","浜松市中央区米津町1961-1","053-449-3235"
"一瀬デンタルラボラトリー","34.843642","137.817568","浜松市浜名区上島1946-1","053-583-0132"
"清光デンタルラボラトリー","34.843553","137.818548","浜松市浜名区上島1993-2","053-583-0960"
"太箸歯科技工所","34.836426","137.810133","浜松市浜名区中瀬2616-2","053-588-7026"
"ATSUMI　ART　OFFICE　（アツミ・アート・オフィス）","34.826819","137.801036","浜松市浜名区於呂3136-4","053-588-2089"
"デンタルラボむらまつ","34.789213","137.804300","浜松市浜名区善地535-2","053-585-0070"
"浜名デンタルラボラトリー","34.796541","137.785591","浜松市浜名区貴布祢394-15","053-587-2690"
"K2デンタル（ケーツーデンタル）","34.780266","137.765382","浜松市浜名区内野2846","053-586-9165"
"おおたかデンタルデンチャー","34.814846","137.805672","浜松市浜名区中瀬193-1","053-588-2779"
"相羽義研","34.680738","137.628155","浜松市中央区舞阪町長十新田313","053-596-1685"
"create T（クリエイト　ティー）","34.696676","137.646228","浜松市中央区雄踏一丁目10-4","053-596-2728"
"ナビデンタル","34.804858","137.623609","浜松市浜名区細江町気賀10038-5","053-527-1815"
"浜北歯研","34.788180","137.773109","浜松市浜名区小松2453-2","053-586-1996"
"マイン・デンタル・ラボラトリー","34.827871","137.798453","浜松市浜名区於呂2988","053-588-1573"
"エイブルデンタルラボ","34.787793","137.798934","浜松市浜名区寺島2756-1","053-586-5331"
"村越歯研","34.805020","137.552747","浜松市浜名区三ヶ日町三ヶ日696","090-4163-9885"
"モルフォ有床義歯技工所","34.731630","137.733449","浜松市中央区高林四丁目9-25","053-475-2205"
"浜松テクニカルセンター","34.781020","137.745540","浜松市浜名区染地台一丁目44-20","053-586-0553"
"株式会社　A・インフィニティ","34.687379","137.629138","浜松市中央区馬郡町1186-44","053-596-1446"
"ウインドブロウデンタルラボラトリー","34.847499","137.807360","浜松市天竜区二俣町鹿島202-20","090-7309-9439"
"MATT DENTAL","34.791171","137.797798","浜松市浜名区高畑172","053-570-3316"
"株式会社　Herbest","34.748394","137.729840","浜松市中央区萩丘二丁目28-16","053-471-2241"
"ONDAラボ","34.762815","137.734497","浜松市中央区初生町169-2","053-437-9910"
"タカスデンタル・ラボ","34.657704","137.763590","浜松市中央区遠州浜一丁目24-6","053-425-1439"
"森下デンタルアート","34.807191","137.805830","浜松市浜名区西美薗2606-2","053-585-7471"
"たばなデンタル・ラボ","34.888426","137.852179","浜松市天竜区只来825",""
"Y.デンタル","34.790789","137.752292","浜松市浜名区内野台四丁目16-17","053-587-8884"
"有限会社ADL","34.727886","137.764384","浜松市中央区丸塚町80-6","053-460-7835"
"和田精密歯研株式会社　浜松ラボ","34.715546","137.775953","浜松市中央区和田町215-5","053-468-2012"
"スズキデンタル工房","34.695659","137.643134","浜松市中央区雄踏一丁目23-5","053-592-3823"
"株式会社プラハットデンタル","34.808564","137.766568","浜松市浜名区新原4220-5","053-585-5355"
"トライデント","34.696126","137.760602","浜松市中央区本郷町1367-1","053-461-8005"
"メルデンタルアート","34.765634","137.733470","浜松市中央区初生町430-1","053-523-7652"
"松本デンタルラボラトリー","34.805639","137.720505","浜松市中央区三幸町489-3","090-3930-6928"
"崎山ラボ","34.810961","137.780169","浜松市浜名区新原3428-2","053-585-4303"
"Dental Art EXE","34.709483","137.778736","浜松市中央区飯田町300-1","053-545-7378"
"Chelsea lab","34.724878","137.751596","浜松市中央区上西町2-10","053-401-6903"
"（有）城北デンタルラボラトリー","34.700477","137.694231","浜松市中央区入野町4902-8　シャトレかみむら1F中央","053-449-4447"
"株式会社オルソ","34.715630","137.713854","浜松市中央区広沢二丁目53-2","053-413-4182"
"Dentory（デントリー）","34.716775","137.707857","浜松市中央区蜆塚三丁目16-22-23","053-523-8506"
"サザンオールスターズ　デンタルラボラトリー　成島技工室","34.748189","137.744114","浜松市中央区有玉南町2461","053-523-7309"
"Glass.Y　Dental","34.726239","137.751771","浜松市中央区早出町1248-28","090-1986-7842"
"Pro.Fit40","34.721767","137.754977","浜松市中央区上西町28-9","053-589-3855"
"IOL","34.789987","137.790316","浜松市浜名区横須賀619","053-586-2863"
"株式会社コットンテール浜松事業所","34.762201","137.648645","浜松市中央区和地町773","053-486-0313"
"デンタルラボ・フデ","34.780563","137.752378","浜松市浜名区内野1200","053-401-8127"
"BSデンタル","34.691411","137.682730","浜松市中央区高塚町896-1","053-447-4193"
"大川医科歯科研究所　浜松ミリングセンター（CAD/CAMセンター）","34.738215","137.752137","浜松市中央区早出町221-7","053-465-5551"
"佐野入れ歯工房","34.726124","137.710498","浜松市中央区富塚町919-307","053-474-2281"
"まきの歯科工房","34.721053","137.753480","浜松市中央区上西町34-2","090-5457-7695"
"MASAデンタルラボ","34.701193","137.712566","浜松市中央区東伊場一丁目32-24","053-458-8140"
"グロースデンタルラボラトリー","34.764564","137.719971","浜松市中央区初生町650-1","090-8499-8459"
"シーピーデンタルラボラトリー","34.752316","137.736240","浜松市中央区有玉西町2197-10","053-474-3793"
"K・Gプロダクト","34.690347","137.685874","浜松市中央区高塚町111-1","090-1988-9372"
"有限会社　坪井商事","34.788197","137.644986","浜松市浜名区細江町気賀3258-4","053-522-4382"
"加藤ラボ","34.719551","137.776836","浜松市中央区天龍川町125-1","090-5109-7411"
"有限会社　FDラボ室","34.719122","137.717279","浜松市中央区布橋二丁目3-52","053-570-8689"
"UCHIYAMA CERAMIC","34.711749","137.679704","浜松市中央区大平台三丁目16-15　B-Ⅱ","053-571-7659"
"ベルデ","34.711978","137.700680","浜松市中央区佐鳴台四丁目36-12","053-415-0418"
"セブンデンタルラボラトリー","34.726886","137.751238","浜松市中央区早出町1246-5","090-9122-2997"
"アルミックデンタル","34.708637","137.740333","浜松市中央区中央野町910-3","053-422-2667"
"内山デンタルファクトリー","34.778019","137.742844","浜松市中央区半田山四丁目38-16","053-433-5227"
"カワイデンタルラボラトリー","34.754641","137.802870","浜松市中央区常光町231-2","053-435-1511"
"ナカゼ歯科技工所","34.811395","137.779158","浜松市浜名区新原3596-3","053-585-2181"
"ブライトデンタルラボラトリー","34.688689","137.699973","浜松市中央区若林町1214","053-448-1194"
"田中デンタルラボ","34.722677","137.695988","浜松市中央区富塚町2478-1","053-474-2923"
"ヤマシタデンタルラボ","34.827033","137.666790","浜松市浜名区引佐町井伊谷1349-6","053-542-3000"
"EISHI DENTURE DESIGN","34.711294","137.702775","浜松市中央区佐鳴台四丁目21-26","090-1620-0148"
"市川技士工房","34.746072","137.738775","浜松市中央区上島六丁目31-4","053-543-4201"
"M's Dental Laboratory","34.713191","137.678316","浜松市中央区大平台三丁目28-30","053-482-0888"
"Dent　Works","34.695774","137.700825","浜松市中央区若林町2602-3","053-453-7298"
"むらい歯科口腔外科クリニック技工所","34.704344","137.691845","浜松市中央区佐鳴台六丁目10-15","053-445-3353"
"SUZUKI DENTAL LAB","34.731094","137.775983","浜松市中央区篠ケ瀬町462-2","080-3005-6236"
"ユニオン・サポート","34.737203","137.792489","浜松市中央区松小池町160","053-422-8686"
"HAO DENTAL BASE","34.732732","137.712831","浜松市中央区富塚町1574-21","090-5620-4314"
"清光デンタルラボラトリー新原事業所","34.809944","137.771174","浜松市浜名区新原4152-1","090-3253-5128"
"あいみるデンタルラボ","34.699793","137.663820","浜松市中央区志都呂一丁目4-16","053-415-0777"