管轄,管理番号,施設名称,緯度,経度,施設所在地,電話番号
札幌市保健所,,皆川デンタルラボ,43.0541256,141.3299375,札幌市中央区南　３条西１７丁目 西１７ホッカイビル２Ｆ,
札幌市保健所,,有限会社　さくら技研,43.0588098,141.3254684,札幌市中央区北　１条西２０丁目２－１６－１０２号室 ,
札幌市保健所,,ホワイトデンタルラボラトリー,43.0441642,141.3020456,札幌市中央区円山西町　２丁目８－１７ ,
札幌市保健所,,有限会社　ユニバーサルプロステック,43.0679158,141.3624967,札幌市中央区北　４条東　５丁目５番地９１ ,
札幌市保健所,,中央デンタルアート,43.0454383,141.3462857,札幌市中央区南１１条西　９丁目２の３ 中央宅建ビル５０１,
札幌市保健所,,Ｏ’ｒａｌ　Ｑｕｅｓｔ,43.0210343,141.3463916,札幌市中央区南２９条西１０丁目６－１０ ＫＵＤＯ．ＢＬＤ　２Ｆ,
札幌市保健所,,デンタルワークス理崎,43.0424697,141.3254262,札幌市中央区南１１条西２２丁目２－８ 旭ヶ丘みたかＭＳ　ＢＦ,
札幌市保健所,,Dental Labo T-tech,43.0625267,141.3101821,札幌市中央区宮の森　２条　４丁目１－３ ローズハウス宮の森２・４　１０７号,
札幌市保健所,,リッジライン,43.03610870000001,141.3344694,札幌市中央区南１７条西１６丁目４－３ 藤田ハウス１号,
札幌市保健所,,ＮＯＡＨ・ＣＲＡＦＴ　デンタルラボ,43.0762771,141.3301724,札幌市中央区北１５条西１５丁目７－１ ,
札幌市保健所,,vision(ヴィジョン),43.06411960000001,141.3362205,札幌市中央区北　４条西１３丁目１－８４ 第２７藤栄ビル２Ｆ,
札幌市保健所,,有限会社　那須デンタルラボ,43.0369429,141.3387799,札幌市中央区南１７条西１３丁目　１－２４ ,
札幌市保健所,,ヴィブラン,43.0761508,141.3210627,札幌市中央区北１６条西２１丁目３４－２５ ,
札幌市保健所,,Ｄｅｎｔａｌ　ｌａｂ　Ｚｅｒｏ,43.0504478,141.319969,札幌市中央区南　６条西２６丁目１－５ ,
札幌市保健所,,森　歯科技工室,43.0591302,141.326798,札幌市中央区北　１条西１９丁目２－１１－９０２ ,
札幌市保健所,,札幌中央歯科技工株式会社,43.0645118,141.353989,札幌市中央区北　２条西　２丁目２－２９－２ ウエノビル４階Ａ号室,
札幌市保健所,,大滝歯科技工所,43.0380317,141.346532,札幌市中央区南１６条西　９丁目 ,
札幌市保健所,,Kan-Lab,43.0641857,141.3644985,札幌市中央区北　１条東　５丁目１０－４６ 岡山ビル２F,
札幌市保健所,,株式会社　デンテ・ファルソ,43.056464,141.33942,札幌市中央区南　２条西１２丁目３２３ー８ ロイヤルハイアット　６０２,
札幌市保健所,,合同会社エージェントサービス,43.065037,141.3260006,札幌市中央区北　６条西１９丁目２３－１５ アンビエンテ６１９　７０１号室,
札幌市保健所,,ＷＥＳＴ２０ＬＡＢＯ　ＩＮＦＨＩＲＩＣＡ,43.0619974,141.3229674,札幌市中央区北　４条西２１丁目１－２６ ヴィラプレステージ４０３号室,
札幌市保健所,,株式会社　近江歯研,43.066944,141.3663269,札幌市中央区北　３条東　７丁目３４５番地１ ハイツしらかば１階１０３号室,
札幌市保健所,,ｔｒａｃｅ,43.0645617,141.3643614,札幌市中央区北　１条東　５丁目１０ 岡山ビル３Ｆ,
札幌市保健所,,デンタルラボ　スマイルデザイン,43.0645617,141.3643614,札幌市中央区北　１条東　５丁目１０番 岡山ビル３階,
札幌市保健所,,Ｌ.Ｏ.Ｆ,43.0645617,141.3643614,札幌市中央区北　１条東　５丁目１０番地 岡山ビル２Ｆ,
札幌市保健所,,ＤＭＣＡラボ　札幌,43.0546168,141.3303775,札幌市中央区南　２条西１８丁目２９１－２２２ ＳＴＡＧＥ大通　６０１号,
札幌市保健所,,マッチラボ,43.0575661,141.3397345,札幌市中央区南　１条西１２丁目４－１９２ ハウザービルＮｏ.３　７階,
札幌市保健所,,若葉デンタルスクエア,43.0661214,141.357971,札幌市中央区北　３条東　２丁目２－５ 若葉ビル２Ｆ,
札幌市保健所,,株式会社　クライス,43.0334952,141.3330736,札幌市中央区南１８条西１７丁目２－２４ ,
札幌市保健所,,CAD Dental Laboratory,43.0586116,141.3513887,札幌市中央区南　１条西　４丁目７－１ クリエイトビル６Ｆ,
札幌市保健所,,Ｄｉｇｉｔａｌ　Ｄｅｎｔｕｒｅ　Ｌａｂ,43.05843429999999,141.3537862,札幌市中央区南　２条西　３丁目１２－２ ,
札幌市保健所,,株式会社石垣歯科補綴研究所附属技工所,43.0537855,141.3321458,札幌市中央区南　４条西１６丁目 ,
札幌市保健所,,デンタルワーク斉藤,43.0437234,141.3265238,札幌市中央区南１１条西２１丁目１４ ,
札幌市保健所,,ＭＩ歯科技工,43.0319091,141.3370531,札幌市中央区南２０条西１５丁目２－１０ 岩渕ＡＰ,
札幌市保健所,,有限会社三國歯科技工所,43.0584531,141.3308667,札幌市中央区大通西１７丁目１番地 太田ビル１Ｆ,
札幌市保健所,,嶋技工所,43.04914790000001,141.338073,札幌市中央区南　８条西１３丁目 ,
札幌市保健所,,有限会社アペックス,43.0584221,141.3350788,札幌市中央区大通西１４丁目３－２４ ,
札幌市保健所,,藤根デンタル・ラボラトリー,43.0659086,141.3662073,札幌市中央区北　２条東　７丁目 三和ビル２Ｆ,
札幌市保健所,,下川原技工所,43.0640074,141.3263294,札幌市中央区北　５条西１９丁目 ,
札幌市保健所,,米岡デンタルラボラトリー,43.0411057,141.3428112,札幌市中央区南１４条西１１丁目１７９０番地 ,
札幌市保健所,,斉藤歯科技工室,43.0540651,141.3377431,札幌市中央区南　４条西１３丁目 十三和ビル,
札幌市保健所,,宮の森デンタルラボラトーリー,43.0650353,141.3032023,札幌市中央区宮の森　４条　５丁目５番地 ,
札幌市保健所,,札幌歯科学院付属歯科技工所,43.050239,141.3427456,札幌市中央区南　７条西１０丁目１０３４番地 ,
札幌市保健所,,有限会社札幌アポロ歯科技工所,43.0654816,141.3532919,札幌市中央区北　３条西　２丁目 上山ビル,
札幌市保健所,,デンタルアシスト,43.0616982,141.3238313,札幌市中央区北　３条西２１丁目２番６号 ,
札幌市保健所,,的場デンタル・オフィス,43.0586431,141.3222545,札幌市中央区北　１条西２３丁目２－２ 表参道花岡ビル２Ｆ,
札幌市保健所,,有限会社ワイエムデンタルラボラトリー,43.0312933,141.3455552,札幌市中央区南２１条西１０丁目 長谷川ビル２Ｆ,
札幌市保健所,,ジャスティス,43.0439169,141.3174262,札幌市中央区双子山　１丁目１０－１７ ,
札幌市保健所,,有限会社札幌デンチャー・ラボ,43.05715319999999,141.3258306,札幌市中央区大通西２０丁目２－１４ ＭＯｗｅｓｔ20,
札幌市保健所,,大巧技研,43.0592714,141.29612,札幌市中央区宮の森　４条１１丁目 ,
札幌市保健所,,横地デンタル・ラボ,43.0526564,141.3251901,札幌市中央区南　４条西２２丁目２－３ ,
札幌市保健所,,新和デンタル．ラボラトリー,43.0769776,141.3312577,札幌市中央区北１５条西１５丁目６－１９ ,
札幌市保健所,,フィット　デンタル,43.0575518,141.3171237,札幌市中央区北　１条西２６丁目３－２６ カサ・デ・リラ１０１号,
札幌市保健所,,有限会社　アヴァンティ,43.0200205,141.3453964,札幌市中央区南２９条西１１丁目５－１１ ,
札幌市保健所,,セントラルダインデンタルプロ,43.04914790000001,141.338073,札幌市中央区南　８条西１３丁目 地建ビル３Ｆ,
札幌市保健所,,ＤＥＮＴＡＬ　ＬＡＢＯ　ＥＳＰＲＩＴ,43.03963880000001,141.3526878,札幌市中央区南１５条西　５丁目４－１７ 幌平コーポラス１０３号,
札幌市保健所,,シュアーデンタルラボラトリー,43.0650358,141.3685121,札幌市中央区北　１条東　８丁目 湯谷ビル５１７,
札幌市保健所,,マイスターラボ,43.0562958,141.3382799,札幌市中央区南　２条西１３丁目３１８番地 ,
札幌市保健所,,有限会社ナカバヤシ,43.0340841,141.3474801,札幌市中央区南１９条西　９丁目２－３７ ラカサブリース１９　１Ｆ,
札幌市保健所,,有限会社ツチヤデンタル・ラボラトリー,43.0549735,141.3396112,札幌市中央区南　３条西１２丁目 三和ビル７Ｆ,
札幌市保健所,,ラボテック・しもさか,43.0593628,141.3579613,札幌市中央区南　２条東　１丁目 フラーテ札幌７１１,
札幌市保健所,,吉田歯研,43.0328396,141.3433831,札幌市中央区南２０条西１１丁目２－３８ ,
札幌市保健所,,株式会社札幌マリンクラブ,43.0466185,141.3359183,札幌市中央区南１０条西１４丁目１番２１号 ,
札幌市保健所,,SSデンタルラボラトリー,43.107579,141.3021233,札幌市北区新川　２条１２丁目　４－８ ,
札幌市保健所,,合同会社　根本歯科技工室,43.1597342,141.3867617,札幌市北区あいの里　２条　２丁目６－１３ ,
札幌市保健所,,株式会社　菊池パンデント,43.0828977,141.3443698,札幌市北区北１９条西　５丁目１番２号 ,
札幌市保健所,,デンタル・オフィス札幌,43.1042291,141.3116232,札幌市北区新川　３条　８丁目８－１０ ,
札幌市保健所,,デンタルファクトリー,43.1026586,141.343537,札幌市北区北３５条西　２丁目１－２０ ,
札幌市保健所,,フジ技研,43.0823371,141.34531,札幌市北区北１８条西　４丁目２－２０－５０１号 ,
札幌市保健所,,デンタルラボ　ハ・ドック,43.1379909,141.3516949,札幌市北区太平１１条　２丁目　５－１０ ,
札幌市保健所,,デンタルラボ　ファイズ５５５,43.0739101,141.3478436,札幌市北区北１１条西　４丁目　１－４４ ベルエアプラザ２Ｆ,
札幌市保健所,,株式会社札幌デンタル・ラボラトリーデンチャーセンター,43.0918639,141.3459989,札幌市北区北２４条西　２丁目４番１３号 ,
札幌市保健所,,株式会社札幌デンタル・ラボラトリー,43.0918639,141.3459989,札幌市北区北２４条西　２丁目４－１３ ,
札幌市保健所,,デンタル　アドバンス,43.1059958,141.3022912,札幌市北区新川　２条１２丁目１番８号 ,
札幌市保健所,,アートナレッジクリエイションジャパン,43.0938977,141.3441071,札幌市北区北２７条西　３丁目１－８ 広富ビル１Ｆ,
札幌市保健所,,デンタルラボア・エスツー,43.143735,141.3213326,札幌市北区屯田　９条１０丁目２－２０ ,
札幌市保健所,,有限会社　ジェイ・ジェイ・テクニカ,43.1047315,141.3380484,札幌市北区北３７条西　６丁目１－２５ ノースハイツ桑嶋本館１０７,
札幌市保健所,,渡辺歯科技研,43.1137999,141.3040572,札幌市北区新川６９１番地４４ ,
札幌市保健所,,クローバー・ラボ,43.0920437,141.3418537,札幌市北区北２５条西　５丁目 プラザ２５　２階,
札幌市保健所,,有限会社　ステルスデンタルサービス,43.1167198,141.3230879,札幌市北区新琴似　７条　８丁目５番２４号 生協２Ｆ,
札幌市保健所,,さとうグループ株式会社,43.1081699,141.3316732,札幌市北区新琴似　５条　１丁目２－２６ 栄和コーポ１５号室,
札幌市保健所,,ポラリス・デンタル,43.0932872,141.3277255,札幌市北区北２６条西１４丁目２－１２ ,
札幌市保健所,,ハチヤデンタルラボ,43.1148849,141.3023058,札幌市北区新川　６条１４丁目３－１７ ,
札幌市保健所,,株式会社Ｎｅｘｔ　Ｄｅｎｔａｌ　Ｉｎｎｏｖａｔｉｏｎ,43.153681,141.3780459,札幌市北区拓北　４条　２丁目７－８ ,
札幌市保健所,,Ｄ'sプロジェクト,43.1552951,141.3603157,札幌市北区篠路　９条　４丁目６－１５ ,
札幌市保健所,,株式会社札幌デンタルラボラトリー　総合デジタル加工センター,43.0915873,141.3471573,札幌市北区北２４条西　２丁目３－１ ,
札幌市保健所,,グローバル歯研,43.1257228,141.3131696,札幌市北区新琴似　９条１５丁目１－１５ ,
札幌市保健所,,Kvell　dental　lab,43.1117691,141.3331058,札幌市北区新琴似　７条　２丁目１番２８号 ２０２号室,
札幌市保健所,,本間精密歯研,43.1075982,141.3351389,札幌市北区北３８条西　７丁目３－７ ,
札幌市保健所,,株式会社　歯の匠,43.1410207,141.3661148,札幌市北区篠路　２条　８丁目２－２５ ,
札幌市保健所,,サリー歯研,43.125418,141.3276447,札幌市北区新琴似１２条１０丁目３－３５ ,
札幌市保健所,,株式会社CRAFT,43.1329055,141.3596686,札幌市北区太平　９条　７丁目１番２号 ,
札幌市保健所,,有限会社　室谷デンタルシステム・ラボラトリー,43.0964856,141.3194659,札幌市北区新川　２条　２丁目８－３ ,
札幌市保健所,,デンタルラボ・レーベル,43.1066058,141.3303896,札幌市北区新琴似　４条　１丁目６－２９　アスターハイム ,
札幌市保健所,,ｄｅｎｔ　ａｒｅｎａ　ｋｅｙ．Ｔ,43.0977912,141.3186558,札幌市北区新川　２条　３丁目８－８ ,
札幌市保健所,,モダンデンタルラボラトリー,43.1294455,141.313879,札幌市北区新琴似１１条１６丁目１－１９ ,
札幌市保健所,,Sapporo Dental Craft 匠,43.1107671,141.3113996,札幌市北区新琴似　１条１１丁目１０－３　１Ｆ ,
札幌市保健所,,株式会社　麻生ＳＫデンタルラボ,43.1160766,141.3078908,札幌市北区新琴似　３条１３丁目３－１８ ,
札幌市保健所,,有限会社　イトウラボラトリーサービス,43.0962635,141.3411592,札幌市北区北２９条西５丁目２－２３ インフィニティ２９５－３０７,
札幌市保健所,,Ｆ・デンタルラボ,43.166824,141.3924764,札幌市北区あいの里　４条　３丁目１２－１ ,
札幌市保健所,,株式会社　エヌ・エス・ピーデンタルラボ,43.08935570000001,141.3456087,札幌市北区北２３条西　３丁目１－２７ ウエイトン２３－６１２,
札幌市保健所,,ＲＩＲＥ　Ｄｅｎｔａｌ　ｏｆｆｉｃｅ,43.12858809999999,141.3113151,札幌市北区新琴似１０条１６丁目４－１９ ,
札幌市保健所,,ラボ３３,43.1020733,141.3306863,札幌市北区北３３条西１１丁目７－１３ ,
札幌市保健所,,成巧舎,43.15557560000001,141.3934317,札幌市北区あいの里　１条　４丁目１－３０ ,
札幌市保健所,,鈴木歯科技工所,43.1231209,141.3269737,札幌市北区新琴似１１条　９丁目８－１２ ,
札幌市保健所,,有限会社　ユニテック・イシダ,43.125356,141.3075825,札幌市北区新琴似　７条１６丁目４－２３ ,
札幌市保健所,,渡辺歯科技研,43.1292084,141.3152337,札幌市北区新琴似１１条１５丁目 ,
札幌市保健所,,有限会社　安井デンタルテクニークファクトリー,43.1618559,141.3969506,札幌市北区あいの里　３条　５丁目３－１１ ,
札幌市保健所,,有限会社　エム・エフ・デンタルラボ,43.1641808,141.4032822,札幌市北区あいの里　４条　６丁目７－２２ ,
札幌市保健所,,太平ラボ,43.1377794,141.3579881,札幌市北区太平１２条　５丁目６－１３ ,
札幌市保健所,,株式会社　パイオニアデンタルラボラトリー,43.1344522,141.3632598,札幌市北区百合が原　７丁目１０－６ ,
札幌市保健所,,デンタルオフィス２８,43.119021,141.3232963,札幌市北区新琴似　８条　９丁目５－３ ,
札幌市保健所,,長谷川歯科技工所,43.124951,141.3487108,札幌市北区太平　２条　４丁目 ,
札幌市保健所,,ＭＹデンタルラボラトリー,43.118015,141.3224195,札幌市北区新琴似　８条　９丁目２－１ マルシンビル２Ｆ,
札幌市保健所,,マキノデンタルラボラトリー,43.09470169999999,141.3333743,札幌市北区北２８条西１０丁目１－２２ ,
札幌市保健所,,大成デンタル・ラボラトリー,43.0822885,141.3460009,札幌市北区北１８条西　４丁目 北１８条ハイツ５Ｆ５０１,
札幌市保健所,,笠井歯科補綴研究所,43.1272048,141.3559954,札幌市北区太平　５条　６丁目９３－１０６ ,
札幌市保健所,,有限会社　札幌山形技研,43.088668,141.3378889,札幌市北区北２３条西　８丁目１８ ,
札幌市保健所,,三浦歯科補綴研究所,43.1083498,141.3285251,札幌市北区新琴似　５条　２丁目２－３ ,
札幌市保健所,,丸岡歯科技工室,43.0763744,141.350253,札幌市北区北１３条西　２丁目１－１２ ,
札幌市保健所,,有限会社　共栄デンタルアート,43.1005407,141.3423618,札幌市北区北３３条西　３丁目２－１７ 丸菱ビル２Ｆ,
札幌市保健所,,株式会社札幌デンタル・ラボラトリー,43.0917332,141.3470139,札幌市北区北２４条西　２丁目３－２６ ,
札幌市保健所,,Dental　Laboratory　ＲＩＳＥ,43.1069578,141.3093202,札幌市北区新川　４条１０丁目１－１１ ,
札幌市保健所,,有限会社　ユアーズデンタルオフィス,43.1260765,141.3149775,札幌市北区新琴似１０条１４丁目４－３ ,
札幌市保健所,,（有）アルトデンタル,43.1596753,141.4087556,札幌市北区あいの里　２条　７丁目１３－６ ,
札幌市保健所,,サム・デンタル・オフィス,43.1121192,141.3146981,札幌市北区新琴似　３条１０丁目１－８ ,
札幌市保健所,,やまだ・デンタル・エンジニア,43.1316494,141.3810586,札幌市北区篠路町上篠路７１－２６ ,
札幌市保健所,,ビジュアライジング・ラボ,43.0898846,141.3423982,札幌市北区北２３条西　５丁目２番３１号 Ｊビル３０５,
札幌市保健所,,Ｙ's デンタルラボラトリー,43.164593,141.3572497,札幌市北区東茨戸　２条　２丁目５０－４９ ,
札幌市保健所,,有限会社　プロスヴァンガード,43.08524329999999,141.3448039,札幌市北区北２０条西　４丁目２番地１２ レンセイカイビル２Ｆ,
札幌市保健所,,有限会社　ミリオンデンタル・ラボ高橋,43.1315438,141.3112749,札幌市北区新琴似１１条１７丁目２番１２号 ,
札幌市保健所,,株式会社　Ｍ＆Ｍラボラトリー,43.0994623,141.3402472,札幌市北区北３２条西　５丁目３番２７号 田中ビル２Ｆ,
札幌市保健所,,有限会社　メディカ,43.10070450000001,141.3269417,札幌市北区新琴似　１条　１丁目１－１ ティーエムビル２Ｆ,
札幌市保健所,,デンタル・シンクタンク・ラボ,43.1192818,141.311091,札幌市北区新琴似　５条１３丁目６番１９号 ,
札幌市保健所,,田中テクニカルラボ,43.1065073,141.3079736,札幌市北区新川　３条１０丁目２－２１ ,
札幌市保健所,,有限会社　嘉納デンタルラボラトリー,43.1309836,141.3385023,札幌市北区屯田　５条　３丁目２－１３ ,
札幌市保健所,,クローバー・デンタル・クラフト,43.1571205,141.3946484,札幌市北区あいの里　１条　４丁目１５－２ ,
札幌市保健所,,有限会社　シー・スコープ,43.1589541,141.407064,札幌市北区あいの里　２条　７丁目７－２５ ,
札幌市保健所,,トマトデンタルラボラトリー,43.0985673,141.3339343,札幌市北区北３２条西　９丁目１－１１ ,
札幌市保健所,,有限会社　デンタルスタジオ,43.1507021,141.36032,札幌市北区篠路　６条　５丁目２－１ ,
札幌市保健所,,有限会社　デンター・グループ,43.1053559,141.3294031,札幌市北区新琴似　３条　１丁目４－１３ ,
札幌市保健所,,有限会社　岩崎デンタルセンター,43.0970609,141.3294573,札幌市北区北２９条西１３丁目１番１号 松明ビル,
札幌市保健所,,小野寺デンタルラボ,43.0995644,141.3470505,札幌市東区北３２条東　１丁目４－２３ レジデンスＪＭ１０１号室,
札幌市保健所,,Ａｔｅｃ,43.0861008,141.3506237,札幌市東区北２０条東　１丁目２－２７ ハイツカトレア１２　１０１号,
札幌市保健所,,Ｄ-クラフト,43.0993648,141.4068831,札幌市東区伏古１３条　５丁目５－１１ ,
札幌市保健所,,#BECK dentalstudio,43.1177478,141.3689459,札幌市東区北４５条東１７丁目４－１０ ,
札幌市保健所,,ＮＥＸＴ　ＤＥＮＴＡＬ　ＬＡＢＯ,43.0837988,141.3646796,札幌市東区北１７条東 ９丁目２番５号 ＴＵＢＥハウス　１階,
札幌市保健所,,Ｋ－Ｇアイデント,43.0951602,141.37535,札幌市東区北２４条東１８丁目２－１ ,
札幌市保健所,,ＹＤＬ　Sapporo,43.1031814,141.3568494,札幌市東区北３４条東　７丁目１－２３ ,
札幌市保健所,,ウェル グロー,43.1010152,141.3568298,札幌市東区北３２条東　６丁目３－１９ ,
札幌市保健所,,有限会社　デンタル・プランニング,43.1195984,141.3508454,札幌市東区北４９条東　６丁目１番２号 ,
札幌市保健所,,ジャパンデンタルクリエイツ,43.0881141,141.3519723,札幌市東区北２１条東　１丁目３－２２ ,
札幌市保健所,,髙島デンタルラボラトリー,43.0992518,141.4091046,札幌市東区東苗穂　８条　１丁目１４－５ ,
札幌市保健所,,株式会社　北海道メディカル・ラボラトリーズ,43.0891025,141.4034218,札幌市東区東苗穂　４条　１丁目１０番２３号 ,
札幌市保健所,,有限会社　國枝デンタル・ラボ　,43.0981422,141.3773462,札幌市東区北２６条東１８丁目７番１１号 ,
札幌市保健所,,デンタルクラフトワークス,43.0869594,141.3684462,札幌市東区北１９条東１２丁目５－１４－１０１ ,
札幌市保健所,,ＹＤＬ（山崎デンタルラボラトリー）,43.102307,141.3586391,札幌市東区北３３条東　８丁目３－１ 光山ビル,
札幌市保健所,,Ｓｈｙ,43.0940555,141.3569392,札幌市東区北２５条東　５丁目３－１６ ,
札幌市保健所,,デンタル・アロー,43.0787244,141.3547242,札幌市東区北１４条東　２丁目２番７号 マンションゆり　２Ｆ,
札幌市保健所,,株式会社　リプロデンタル札幌,43.1009843,141.3453874,札幌市東区北３３条東　１丁目１－７ ,
札幌市保健所,,aozora.D.Lab,43.1293731,141.4438693,札幌市東区中沼　５条　２丁目１－１０ ,
札幌市保健所,,ヒルズデンタルラボ,43.0996332,141.3656129,札幌市東区北３０条東１３丁目１－６ ,
札幌市保健所,,歯科工房　片桐,43.0891641,141.3507995,札幌市東区北２２条東　１丁目３番１４号 ,
札幌市保健所,,蓮本デンタルクリエイション,43.0976227,141.3919997,札幌市東区伏古１０条　１丁目１４-１４ ,
札幌市保健所,,株式会社　IDL,43.1207505,141.3549582,札幌市東区北４９条東　８丁目３－３７ ,
札幌市保健所,,ユーズデンタル,43.0923971,141.3566565,札幌市東区北２４条東　５丁目１－８ ,
札幌市保健所,,株式会社Accordent.Lab,43.0860163,141.3585293,札幌市東区北１９条東　５丁目３－１２ ,
札幌市保健所,,デンチャーラボラトリービビッド,43.1032011,141.3636149,札幌市東区北３３条東１２丁目３－１４ ,
札幌市保健所,,ベアテック札幌,43.1009843,141.3453874,札幌市東区北３３条東　１丁目１－７ ミレニアム南麻生１Ｆ・２Ｆ,
札幌市保健所,,Ｔ．Ａ　Ｄｅｎｔａｌ　Ｌａｂｏ,43.1085178,141.4208005,札幌市東区東苗穂１３条　２丁目１５－７ ,
札幌市保健所,,株式会社Ｔｒｕｓｔ　Ｄｅｎｔｕｒｅ　Ｏｆｆｉｃｅ,43.1032011,141.3636149,札幌市東区北３３条東１２丁目３－１４ ,
札幌市保健所,,有限会社　道都デンタル・ラボ,43.0745985,141.3573568,札幌市東区北１０条東　３丁目２－１０ ブリストル１階,
札幌市保健所,,デンタルウィング,43.1009056,141.3473099,札幌市東区北３３条東　１丁目 ミレニアム東麻生３０３号,
札幌市保健所,,有限会社　札幌バイオデンタルラボラトリー,43.0868302,141.4033245,札幌市東区東苗穂　３条　１丁目３－３０ 杉都ビル２Ｆ,
札幌市保健所,,RYOMA Dental Technician's Office,43.0972505,141.3741365,札幌市東区北２６条東１７丁目２－２４ 駒ビル１Ｆ　１０２号,
札幌市保健所,,Dental　Craft,43.1130884,141.4207594,札幌市東区東苗穂１５条　１丁目２－２３ ２F,
札幌市保健所,,和田精密歯研株式会社　札幌センター,43.1171776,141.366758,札幌市東区北４５条東１６丁目１－１８ ,
札幌市保健所,,合同会社　オルソブレイン,43.0837475,141.3603311,札幌市東区北１８条東　６丁目１－３７－２０２ ,
札幌市保健所,,フィットデンタルラボ,43.11196710000001,141.3487049,札幌市東区北４３条東　３丁目１－２５ ＬＩＲＡ－Ｂ棟１０５,
札幌市保健所,,ＤＥＮＴＳＴＥＲ,43.071523,141.3638868,札幌市東区北　７条東　６丁目２－２ グランステージＮ７　１０２,
札幌市保健所,,医療法人社団来仁会　ヒカリデンタルラボ札幌,43.1052653,141.3572999,札幌市東区北３５条東　７丁目３－１７ ,
札幌市保健所,,松尾歯科技研,43.1035557,141.3971748,札幌市東区北３７条東２９丁目８番１０号 ,
札幌市保健所,,有限会社ミクロデントアトリエ白石,43.1207505,141.3549582,札幌市東区北４９条東　８丁目３番３７号 ,
札幌市保健所,,株式会社クリアデンタル,43.07613810000001,141.3716911,札幌市東区北１０条東１２丁目２番２０号 ,
札幌市保健所,,下山歯科技工所,43.0953275,141.4015064,札幌市東区伏古１１条　４丁目７番１７号 ,
札幌市保健所,,有限会社ユニバーサルデンタルラボ,43.08582260000001,141.3618057,札幌市東区北１９条東　７丁目９４番地３ ,
札幌市保健所,,石狩ラボ・ワーク,43.0915559,141.3553394,札幌市東区北２３条東　４丁目３番３２号 ,
札幌市保健所,,阪本デンタル技専,43.1056096,141.3746136,札幌市東区北３４条東１９丁目２番７号 ,
札幌市保健所,,ナリタデンタル・ラボラトリー,43.1130524,141.3504576,札幌市東区北４３条東　４丁目３番１５号 成田アパート,
札幌市保健所,,大下デンタル,43.0960813,141.3660521,札幌市東区北２６条東１２丁目３番２２号 ,
札幌市保健所,,有限会社デンタルサポート,43.1146916,141.3632621,札幌市東区北４３条東１４丁目３－２５ ,
札幌市保健所,,原田歯科技研,43.0999412,141.3843996,札幌市東区北２７条東２１丁目３番１５号 ,
札幌市保健所,,株式会社　札幌桂和歯研,43.0853299,141.3495733,札幌市東区北２０条東　１丁目１番３号 ＣＯ－ＯＰマンションＣ棟１０８号,
札幌市保健所,,ＥＥ歯研,43.0757755,141.3724419,札幌市東区北１０条東１２丁目４番３９号 フタバハイツ２Ｆ,
札幌市保健所,,有限会社川島歯科技工所,43.0944166,141.3551618,札幌市東区北２６条東　４丁目３番１号 ,
札幌市保健所,,菊池歯科技工所,43.1196553,141.3562904,札幌市東区北４８条東　９丁目 ,
札幌市保健所,,川島歯科技工所,43.115084,141.3575829,札幌市東区北４４条東　９丁目３番２２号 ,
札幌市保健所,,斉藤歯科技工所,43.115894,141.3446148,札幌市東区北４６条東　１丁目２番６号 ,
札幌市保健所,,さくら技研,43.0944166,141.3551618,札幌市東区北２６条東　４丁目３－１ ,
札幌市保健所,,株式会社　林テクニックオフィス,43.0936147,141.4217074,札幌市東区東雁来　８条　１丁目１０番２２号 ,
札幌市保健所,,有限会社益田デンタルラボ,43.1034458,141.3561847,札幌市東区北３４条東　６丁目３番２０号 益田ハウス２Ｆ,
札幌市保健所,,プラネットデンタル合名会社,43.0923564,141.3889074,札幌市東区北２３条東２３丁目４番２８号 ,
札幌市保健所,,セブンデンタルラボ,43.0733734,141.3721425,札幌市東区北　８条東１２丁目１－１ 須戸商店ビル２Ｆ,
札幌市保健所,,大谷歯科技研,43.098063,141.4028163,札幌市東区伏古１２条　４丁目４番１６号 ,
札幌市保健所,,勝田デンタルオフィス,43.0751658,141.3546975,札幌市東区北１１条東　１丁目９番１３号 ＤＢＭビル１０１,
札幌市保健所,,勤医協歯科技工所,43.0952174,141.3966732,札幌市東区伏古１０条　３丁目２番３号 ,
札幌市保健所,,Ｄ’ｓ　クリエート,43.1168137,141.356012,札幌市東区北４６条東　８丁目３－８ ,
札幌市保健所,,有限会社クリーンデンタルラボ,43.0996332,141.3656129,札幌市東区北３０条東１３丁目１番６号 ,
札幌市保健所,,歯科工房ビオトープ,43.0995467,141.4082351,札幌市東区東苗穂　８条　１丁目１５－６ ,
札幌市保健所,,テクニカル・ケーズ,43.096096,141.3500312,札幌市東区北２８条東　１丁目４－２５ フロンティア８８　１F,
札幌市保健所,,デンタルライフ　ヒラノ,43.1013211,141.4231345,札幌市東区東苗穂１１条　３丁目１２－４５ ,
札幌市保健所,,有限会社アースデンタルラボラトリー,43.09400249999999,141.3979841,札幌市東区伏古１０条　３丁目１１番９号 ,
札幌市保健所,,Ｇ－Ｇｒａｃｅ,43.1064712,141.3458116,札幌市東区北３９条東　１丁目１－１６ 工藤ビル　２Ｆ,
札幌市保健所,,イーストデンタルラボ,43.095767,141.4153945,札幌市東区東苗穂　８条　８丁目９番１８号 ,
札幌市保健所,,ＣＡクラフト・アート,43.1113308,141.3471757,札幌市東区北４２条東　２丁目２－１４ ,
札幌市保健所,,有限会社アザブデンタルラボラトリー,43.1042861,141.3580804,札幌市東区北３５条東　８丁目１番１号 エスポワール３５,
札幌市保健所,,有限会社サマーデンタル・ラボラトリー,43.1000918,141.3698383,札幌市東区北３０条東１５丁目３番２０号 クレールフランセ・エスト２１７,
札幌市保健所,,ＷＯＷ（ワウ）デンタルクラフト,43.1030419,141.3603539,札幌市東区北３３条東　９丁目６番２４号 ,
札幌市保健所,,坂本デンタルラボラトリー,43.0845152,141.3696709,札幌市東区北１７条東１３丁目１－１４ 窪田ビル２Ｆ,
札幌市保健所,,有限会社協新社,43.1027361,141.4093229,札幌市東区伏古１４条　５丁目９番１０号 ,
札幌市保健所,,有限会社斉藤デンタル,43.0944429,141.4069014,札幌市東区東苗穂　６条　１丁目１０番２８号 ,
札幌市保健所,,テクニカル・アート,43.0585689,141.392292,札幌市白石区中央　２条　１丁目４－１ 寿白石ビル３階,
札幌市保健所,,デンタルラボ・ネオフィット,43.0604638,141.4018466,札幌市白石区中央　３条　４丁目５－３３ ,
札幌市保健所,,イデアデンタルラボ,43.0650444,141.4079545,札幌市白石区北郷　４条　１丁目３－１８ フロンティア北郷　２Ｆ,
札幌市保健所,,有限会社アイティーアイデンタルラボラトリー,43.0745627,141.438932,札幌市白石区川北２２６７－２７ ,
札幌市保健所,,有限会社　トリアスデンタル・ラボラトリー,43.0640368,141.3923403,札幌市白石区菊水上町　３条　３丁目５２番地１８ みゆきビル,
札幌市保健所,,ケイズファイン　デンタルラボラトリー,43.0623649,141.3921839,札幌市白石区菊水上町　３条　３丁目３８２－２６ ,
札幌市保健所,,フェルト　デンタル　アート,43.0644056,141.4068184,札幌市白石区北郷　３条　１丁目４－６ ,
札幌市保健所,,デンタル・プログレス,43.0650445,141.3959952,札幌市白石区菊水上町　４条４丁目５４－７ ,
札幌市保健所,,有限会社　ぎこうや,43.0833632,141.4225568,札幌市白石区米里　３条　１丁目８番１２号 ,
札幌市保健所,,斎藤デンタル,43.04847820000001,141.4080151,札幌市白石区本通　３丁目南３－６ ,
札幌市保健所,,リベラル　デザイン,43.0437843,141.420067,札幌市白石区本通　９丁目北４－１ 伊丹地所ビル２０４,
札幌市保健所,,有限会社　カワバタデンタル・ラボ,43.0545604,141.4043383,札幌市白石区中央　２条　７丁目４番１６号 ,
札幌市保健所,,ロケット　デンタル　デザイン,43.0467062,141.3927255,札幌市白石区東札幌　２条　５丁目８－２６ アネックス３Ｆ,
札幌市保健所,,勤医協菊水技工所,43.060351,141.3726934,札幌市白石区菊水　４条　１丁目７番２５号 ,
札幌市保健所,,株式会社　Ｄｓi,43.0584745,141.4272775,札幌市白石区北郷　５条　８丁目１０－１２ ,
札幌市保健所,,有限会社　札幌歯科技巧社,43.06060960000001,141.4200964,札幌市白石区北郷　４条　４丁目１２－８ ,
札幌市保健所,,ＮＳ　Ｄental　Ｌaboratory,43.055229,141.4017746,札幌市白石区中央　２条　６丁目１－１６　１Ｆ ,
札幌市保健所,,有限会社　サッポロイーセット,43.0458957,141.4055724,札幌市白石区本郷通　３丁目南４番３１号 カサビアンコ　１Ｆ,
札幌市保健所,,株式会社　テクニコ,43.0535948,141.3748472,札幌市白石区菊水　１条　４丁目２番８号 ,
札幌市保健所,,ヒロタデンタル,43.0585689,141.392292,札幌市白石区中央　２条　１丁目４－１ 寿白石ビル１Ｆ,
札幌市保健所,,浜田技工所,43.0433393,141.4175958,札幌市白石区本通　８丁目南　４－２５ ,
札幌市保健所,,アリタテクニカルデント,43.0553633,141.4322085,札幌市白石区北郷　４条１１丁目２番１１号 ,
札幌市保健所,,デントテクニクス,43.06474650000001,141.392413,札幌市白石区菊水上町　４条　２丁目５２番地２０６ ,
札幌市保健所,,有限会社池添歯科技工所,43.0375538,141.4370054,札幌市白石区本通１７丁目北５－８ ,
札幌市保健所,,有限会社ビーム,43.0526388,141.4222661,札幌市白石区北郷　２条　７丁目８－１７ ,
札幌市保健所,,有限会社デンタルテクニシャン札幌歯研,43.0615639,141.4104054,札幌市白石区北郷　３条　２丁目１３－９ ,
札幌市保健所,,橘歯研,43.036265,141.4254258,札幌市白石区南郷通１４丁目北３４ ,
札幌市保健所,,たくみ歯研,43.0623266,141.4070951,札幌市白石区北郷　２条　１丁目５－２１ 第３恭映ビル２Ｆ,
札幌市保健所,,ファットデンタル株式会社,43.0716379,141.4046313,札幌市白石区菊水元町　５条　１丁目３－１８ ,
札幌市保健所,,堀江歯研,43.0628833,141.4114599,札幌市白石区北郷　３条　２丁目９－７ ,
札幌市保健所,,スコーキー・デンタル・スタジオ,43.045611,141.3914635,札幌市白石区東札幌　２条　５丁目１０－１ 佐藤ビル３０２,
札幌市保健所,,Ｋ．Ｄ．Ａ　Ｌａｂ,43.0575127,141.4275032,札幌市白石区北郷　５条　８丁目１２－４ ウェル北郷３０１,
札幌市保健所,,有限会社クラフトデンタルアート,43.0303884,141.4302036,札幌市白石区栄通１７丁目６－１０ ロベリア２地下１階,
札幌市保健所,,株式会社北海道医療コンサルタント白石ラボラトリー,43.0542866,141.4406557,札幌市白石区川下　５条　１丁目１－２ ,
札幌市保健所,,エーワデンタルラボラトリー,43.0389253,141.421034,札幌市白石区本郷通１１丁目北３番２４号 ,
札幌市保健所,,有限会社　三恵デンタルラボラトリー,43.0726365,141.409419,札幌市白石区菊水元町　７条　２丁目１－１ ,
札幌市保健所,,株式会社ケー・ディ・ピー,43.0677057,141.4025983,札幌市白石区菊水元町　３条　２丁目３－１ ニューイトウビル２Ｆ,
札幌市保健所,,有限会社ジェット・デンタルサービス白石支部,43.0386139,141.412744,札幌市白石区南郷通　８丁目南３－２９ グランド・コートビレッジ１階,
札幌市保健所,,雅デンタルアート,43.0395748,141.4110591,札幌市白石区南郷通　７丁目南６－５ アニバーサリー３０ｔｈ南郷１階,
札幌市保健所,,アイコニクスデンタルラボラトリー,43.0655116,141.3917052,札幌市白石区菊水上町　４条　２丁目５２－２０８ ,
札幌市保健所,,ノースプリズム,43.0501335,141.4448884,札幌市白石区川下　３条　４丁目５番１６号 ,
札幌市保健所,,サワダデンタルサポート,43.0484847,141.3996124,札幌市白石区本郷通　１丁目南１－１ 柴パレス１０３,
札幌市保健所,,河村デンタルリアライズ,43.0712447,141.4079899,札幌市白石区菊水元町　５条　２丁目２－２０ インタービル３０１,
札幌市保健所,,有限会社　デンタルパートナー　タイト・フィット　本郷通営業所,43.0484847,141.3996124,札幌市白石区本郷通　１丁目南１－１　 柴パレス１０７号,
札幌市保健所,,ジーテック　アート（Ｇ Ｔｅｃｈ　Ａｒｔ）,43.0586375,141.392291,札幌市白石区中央　２条　１丁目４ 寿白石ビル１Ｆ,
札幌市保健所,,デンタルラボ　パラドックス,43.0603507,141.3935339,札幌市白石区中央　２条　１丁目 寿白石ビル２Ｆ,
札幌市保健所,,ヴィヴァイスデンタルラボラトリー,43.0433183,141.420966,札幌市白石区本通　９丁目北４番４１号 三営ビル３　５００号,
札幌市保健所,,デンタル ラボ ワイズ,43.0585689,141.392292,札幌市白石区中央　２条　１丁目４－１ 寿白石ビル３０１,
札幌市保健所,,ビヨンド　デンタル　ラボラトリー,43.0493233,141.3877496,札幌市白石区東札幌　２条　３丁目７－３１ クロダビル３Ｆ,
札幌市保健所,,Dental Advance En,43.0549376,141.3938329,北海道札幌市白石区中央　１条　３丁目１－６３ ,
札幌市保健所,,株式会社札幌セラミック・ラボラトリー,43.0509242,141.4083918,札幌市白石区本通　２丁目北７－２７　 ,
札幌市保健所,,クリエイティブ　デンタルラボ,43.0388202,141.4026798,札幌市白石区栄通　５丁目６－６　 ,
札幌市保健所,,株式会社ファインズ　デンタルラボ　ファインアート,43.03291,141.4224985,札幌市白石区栄通１４丁目３－２７ ＴＯビル　２Ｆ,
札幌市保健所,,LOGOS Creative LABO.,43.0340599,141.4252448,札幌市白石区南郷通１５丁目南６－３　 シャルム１５　１Ｆ,
札幌市保健所,,DENTAL LABO MIKIHA,43.0743662,141.4147777,札幌市白石区菊水元町　９条　２丁目１－７ Ｅ歯科クリニック２階　２０２,
札幌市保健所,,ケニーデンタルラボ,43.0536667,141.4078159,札幌市白石区本通　１南２－２６ ,
札幌市保健所,,有限会社　デントクラブ,43.0513173,141.4049333,札幌市白石区本通　１丁目南２－２６ Ｔ’ｚビル２Ｆ,
札幌市保健所,,ASTILL　CAD　CAMセンター,43.0265267,141.4371535,札幌市白石区栄通１９丁目１１－１７ ,
札幌市保健所,,中村歯科技工所,43.0364185,141.4267158,札幌市白石区南郷通１４丁目北６－１７ プログレスコート弐番館１０１,
札幌市保健所,,dental lab  SESSIONS,43.0574439,141.3697202,札幌市白石区菊水　１条　１丁目３－１４ シティペトルシュカ１Ｆ,
札幌市保健所,,デニング,43.0585811,141.4150642,札幌市白石区北郷　３条　４丁目１番３５号 ,
札幌市保健所,,ファースト・エイド,43.0513954,141.4235976,札幌市白石区北郷　１条　８丁目３－１８ ,
札幌市保健所,,ADVANCE DENTAL LAB.,43.041288,141.41245,札幌市白石区南郷通　７丁目北５－１６ 中澤ビル２０１,
札幌市保健所,,株式会社　BONITA-DENTAL-ART,43.0254761,141.43583,札幌市白石区栄通１９丁目１２－３７ 壱番屋札幌ビル２０２,
札幌市保健所,,株式会社　デンタルスタッフにしかわ,43.041835,141.415122,札幌市白石区本郷通　８丁目北７－１ 山口ビル２０２,
札幌市保健所,,アイデンタルラボラトリー,43.0486751,141.3913561,札幌市白石区東札幌　３条　４丁目６－９ 第６コーポ渥美１Ｆ,
札幌市保健所,,株式会社キュステデザイン,43.0709674,141.4093655,札幌市白石区菊水元町　６条　２丁目７－１３ ,
札幌市保健所,,ウイングデンタルスタジオ,39.2853518,141.1149754,札幌市白石区本通り　１丁目南２－２６ Ｔ’２ビル４０２号,
札幌市保健所,,Dental Lab You吉,43.0423338,141.4268424,札幌市白石区平和通１３丁目南１－３ ,
札幌市保健所,,白組,43.0709674,141.4093655,札幌市白石区菊水元町　６条　２丁目７－１３ ,
札幌市保健所,,Dental Studio Colza,43.0709674,141.4093655,札幌市白石区菊水元町　６条　２丁目７－１３ ,
札幌市保健所,,デンタル・アート札幌,43.0595748,141.3722115,札幌市白石区菊水　４条　１丁目６－１９ アミヤビル３Ｆ－Ｂ,
札幌市保健所,,ＤＡＩＪＵ　ＤＥＮＴＡＬ　ＬＡＢＯ,43.0535948,141.3748472,札幌市白石区菊水　１条　４丁目２－８ ,
札幌市保健所,,ＭＯＲＯＳＡＷＡ　Ｃｅｒａｍｉｃ,43.0206422,141.4516015,札幌市厚別区大谷地西　４丁目６－８ ,
札幌市保健所,,合同会社　トラストデンタル,43.0520796,141.4697876,札幌市厚別区厚別西　３条　５丁目６－１２ ,
札幌市保健所,,ＲＥＳＱＯＬ株式会社,43.03784659999999,141.469398,札幌市厚別区厚別中央　２条　４丁目９－１５ 新札幌中央メディカルビル1F,
札幌市保健所,,株式会社ＤＳｉ 厚別ラボ,43.0479067,141.4602346,札幌市厚別区厚別西　３条　２丁目６－２９ ,
札幌市保健所,,オークデンタルラボラトリー,43.0468021,141.4588576,札幌市厚別区厚別西　２条　１丁目５－１８　 スクーデリア５１８　１F中央,
札幌市保健所,,ミリングセンター北海道,43.0264767,141.4452212,札幌市厚別区大谷地西　１丁目５－８ ヴァ－ジェ共応１階,
札幌市保健所,,中村デンタル　ワーク　スタジオ,43.0585853,141.476721,札幌市厚別区厚別北　３条　４丁目１番１号 ,
札幌市保健所,,企及デンタル・ラボ,43.0485917,141.4654862,札幌市厚別区厚別西　２条　４丁目１番２１号 ,
札幌市保健所,,有限会社ベニータウン・デンタル・ラボ,43.0537964,141.4521657,札幌市厚別区厚別西　５条　１丁目５－１７ ,
札幌市保健所,,有限会社木下デンタル・ラボラトリー,43.05167429999999,141.460243,札幌市厚別区厚別西　４条　３丁目９番１１号 ,
札幌市保健所,,新札幌歯科工房,43.0445859,141.4680072,札幌市厚別区厚別中央　５条　４丁目１２－２５ ,
札幌市保健所,,デンティスタ　ボッテーガ,43.0260909,141.4194534,札幌市豊平区月寒東　３条１５丁目６－１９ ,
札幌市保健所,,ＳＡＴＯ．ＤＥＮＴＡＬ倶楽部,43.0135626,141.4242633,札幌市豊平区月寒東　２条２０丁目２－７ コスモビルＢ１Ｆ,
札幌市保健所,,歯っぴぃデンタル・ワークス,43.0405125,141.3679966,札幌市豊平区平岸　２条　３丁目２－２ ＭＲビル２Ｆ,
札幌市保健所,,株式会社グリーンデンタル,43.0048337,141.3889187,札幌市豊平区福住　１条　９丁目　８番１３号 ,
札幌市保健所,,ホクオウ　クリエイト,43.0559828,141.3667328,札幌市豊平区豊平　２条　１丁目１－３９ パロスリバーサイド１０５,
札幌市保健所,,鈴木デンタル・ラボ,42.9988866,141.385428,札幌市豊平区西岡　４条１０丁目１７－１２ ,
札幌市保健所,,Ｔ．Ａ．Ｃ．デントフィールド,43.0195492,141.3680623,札幌市豊平区平岸　３条１８丁目３－１－１２６ モンテベルテ澄川,
札幌市保健所,,Ｋ・Ｓデンタル株式会社,42.994743,141.3739889,札幌市豊平区西岡　３条１３丁目９番１６号 ,
札幌市保健所,,石川技研,43.0312689,141.3699335,札幌市豊平区平岸　３条　９丁目１１－１１ 狩野マンション１Ｆ,
札幌市保健所,,Grace Dental Art　グレイス　デンタル　アート,43.0265305,141.4220332,札幌市豊平区月寒東　４条１６丁目２－３ ,
札幌市保健所,,トラスト　デンタルオフィス,43.0190067,141.3563463,札幌市豊平区中の島　１条１２丁目３番１号 ,
札幌市保健所,,ＮＯＡＨ　デンタルラボ,43.0141155,141.4249497,札幌市豊平区月寒東　２条２０丁目３番２号 ,
札幌市保健所,,デンタルハンズ,43.0104616,141.3774288,札幌市豊平区西岡　１条　８丁目１－３５ ,
札幌市保健所,,有限会社　デンタルラボＮＣＯＺＹ,43.00203,141.3845337,札幌市豊平区西岡　４条１０丁目２－１ 西岡ビル２Ｆ　Ａ室,
札幌市保健所,,アクアデンタル,43.02035619999999,141.3920965,札幌市豊平区西岡　４条　２丁目５－５ ,
札幌市保健所,,ピースアーチデンタルラボ,43.0373343,141.3969342,札幌市豊平区月寒東　２条　３丁目１－３ ほくとビル３階,
札幌市保健所,,アースデンタルラボ,43.02241610000001,141.3976289,札幌市豊平区西岡　５条　１丁目１－１０ １階左,
札幌市保健所,,T.A.C. Dent field,43.0392563,141.3683016,札幌市豊平区平岸　２条　３丁目６－３０ ,
札幌市保健所,,Ｄ・ＣＲＥＷデンタルラボラトリー,43.0336764,141.3597504,札幌市豊平区中の島　２条　４丁目１－１ 中の島２・４ビル３０２,
札幌市保健所,,株式会社ラボ・ジェイスル,43.0311122,141.4103422,札幌市豊平区月寒東　４条１０丁目８番１０号 ,
札幌市保健所,,Nob Dental Art,42.9976622,141.385121,札幌市豊平区西岡　５条１１丁目１８－３０ ,
札幌市保健所,,株式会社Ｔ－ｆｏｕｒ,43.0336764,141.3597504,札幌市豊平区中の島　２条　４丁目１－１ 中の島２－４ビル２階,
札幌市保健所,,札幌義歯センター,43.0209206,141.3824425,札幌市豊平区西岡　１条　３丁目３番６号 ,
札幌市保健所,,つくるは,43.0531242,141.3714604,札幌市豊平区豊平　２条　４丁目１－３７ マリアールグランデ豊平４０２,
札幌市保健所,,アベリラボラトリー,43.0268835,141.3553327,札幌市豊平区中の島　１条　７丁目７－２３ ,
札幌市保健所,,ＤＭＣＡラボ　札幌,43.0324189,141.3599126,札幌市豊平区中の島　２条　４丁目４ー１０ 中の島コンパウンド２０１,
札幌市保健所,,合同会社　Ｕ.art dental labo,43.0419975,141.3882114,札幌市豊平区美園　２条　５丁目４－１０ ,
札幌市保健所,,フォーカス　Ｄ　スタジオ,43.0219672,141.3693183,札幌市豊平区平岸　３条１７丁目３－５６ ,
札幌市保健所,,原田歯研,43.0227034,141.3551046,札幌市豊平区中の島　１条　９丁目９－２２ ヴェルコート中の島１Ｆ,
札幌市保健所,,アベリー・ラボ,43.025749,141.3702203,札幌市豊平区平岸　３条１４丁目４番８号 ,
札幌市保健所,,株式会社  平柳デンタル・ラボ,43.053073,141.3695503,札幌市豊平区豊平　３条　３丁目１３－２５ シャルム豊平２階,
札幌市保健所,,有限会社　ワールド歯研,42.9985783,141.3825682,札幌市豊平区西岡　４条１１丁目５－１８ ,
札幌市保健所,,エステティック・ポーセレン・ラボ,43.0389502,141.3784318,札幌市豊平区美園　８条　２丁目７－１５ アジアビル２階,
札幌市保健所,,ユニオン・デンタル・アート,43.0154965,141.4221827,札幌市豊平区月寒東　２条１９丁目５－３０ ,
札幌市保健所,,コスモ・デンタル・ラボ,43.0397785,141.3952169,札幌市豊平区月寒東　２条　１丁目３－６ ,
札幌市保健所,,さくらパンデント,43.028654,141.3779172,札幌市豊平区平岸　５条１１丁目５－１２ ,
札幌市保健所,,オフィスデンテック（ＯＦＦＩＣＥ　ＤＥＮＴＥＣＨ）,43.0418167,141.3923709,札幌市豊平区美園　１条　７丁目１－１２ ,
札幌市保健所,,道央デンタル,43.0413189,141.3838064,札幌市豊平区美園　５条　３丁目２－３ ,
札幌市保健所,,セイコー歯科技研,43.0267895,141.3601741,札幌市豊平区中の島　２条　７丁目６－２ ＭＴビル,
札幌市保健所,,佐藤デンタルラボラトリー,43.0172573,141.3818054,札幌市豊平区西岡　１条　４丁目６－２３ ,
札幌市保健所,,アインデンタルラボラトリー,43.0124054,141.3900054,札幌市豊平区西岡　４条　６丁目 ,
札幌市保健所,,正内歯科技工所,43.0311122,141.4103422,札幌市豊平区月寒東　４条１０丁目８－１０ ,
札幌市保健所,,イイダデンタルスタジオ,43.033988,141.3755382,札幌市豊平区平岸　４条　８丁目６－１ サンセットハイツ平岸２０６,
札幌市保健所,,デンタルラボ・トライアル,43.0559828,141.3667328,札幌市豊平区豊平　２条　１丁目１－３９　１０６ ,
札幌市保健所,,(有)デンタル･サポート,43.0265067,141.4205231,札幌市豊平区月寒東　４条１５丁目 ,
札幌市保健所,,ホクエイ・デンタルラボラトリー,43.053524,141.3722131,札幌市豊平区豊平　１条　４丁目２－２５ ,
札幌市保健所,,須田歯科技工所,42.9942243,141.3809085,札幌市豊平区西岡　５条１３丁目１－２０ ,
札幌市保健所,,有限会社　ラボ・マテックス,43.0267043,141.3555896,札幌市豊平区中の島　１条　７丁目７－１３ ,
札幌市保健所,,有限会社聖美会　スマイルファクトリー,43.0236246,141.397029,札幌市豊平区月寒西　１条１１丁目　２番５６号 ,
札幌市保健所,,クリエイト・デンタル・アート,43.0303054,141.4063541,札幌市豊平区月寒東　３条　９丁目８－１１ ,
札幌市保健所,,ＴＭデンタルファクトリー,43.0195282,141.384508,札幌市豊平区西岡　２条　３丁目４－１ ,
札幌市保健所,,有限会社カワコシ・デンタル・ラボ,43.0322627,141.368998,札幌市豊平区平岸　３条　９丁目８－１ 平岸豊栄ビル２Ｆ,
札幌市保健所,,月寒デンタル・ラボラトリー,43.0261331,141.4024212,札幌市豊平区月寒東　１条１１丁目１６６－１３ ,
札幌市保健所,,株式会社　マイクロデント・ジャパン,43.0423311,141.3928143,札幌市豊平区美園　１条　７丁目１－２ 協励ビル３Ｆ,
札幌市保健所,,石狩デンタル・ラボラトリー,43.0271382,141.3785617,札幌市豊平区平岸　６条１２丁目７－２ コーポ平岸１のＣ,
札幌市保健所,,デンタルラボ．エヌティティ,43.0391827,141.3759361,札幌市豊平区美園　９条　１丁目１－１５ ,
札幌市保健所,,川淵歯科技工所,43.00653700000001,141.3950297,札幌市豊平区福住　３条　８丁目１４－８ ,
札幌市保健所,,パシフィックデンタル,43.0483603,141.3628866,札幌市豊平区水車町　３丁目１－１ 旭グランドハイツ,
札幌市保健所,,セレクトデンタルシステム,43.0422994,141.3875498,札幌市豊平区美園　２条　４丁目３－８ ,
札幌市保健所,,ライズ・デンタルラボラトリー,43.0514776,141.3763335,札幌市豊平区豊平　１条　７丁目１－１５ ,
札幌市保健所,,有限会社　スタジオ・アルファ,43.04870289999999,141.3765658,札幌市豊平区豊平　３条　９丁目４－２１ ,
札幌市保健所,,デンタルラボ・エーテック,43.0295808,141.3949423,札幌市豊平区月寒西　１条　７丁目８－２６ ,
札幌市保健所,,Ａｒｔ Ｄｅｎｔａｌ　Ｌａｂｏ,42.9797037,141.422725,札幌市清田区清田１０条　３丁目１８－２１ ,
札幌市保健所,,デンタルビューティープロ,42.9798717,141.4271555,札幌市清田区清田１０条　４丁目１７番３３号 ,
札幌市保健所,,デンターテクノ,43.0116159,141.4280542,札幌市清田区北野　２条　１丁目 はるなＭＳ１Ｆ右,
札幌市保健所,,合同会社　札幌歯科技工センター,43.0184718,141.4355446,札幌市清田区北野　５条　３丁目４番７号 ,
札幌市保健所,,Ｋ・デンタルスタジオ,42.99055389999999,141.4310313,札幌市清田区清田　７条　３丁目１－１８ ,
札幌市保健所,,㈲アーム・デンタルラボラトリー,42.9768176,141.452457,札幌市清田区美しが丘　５条　６丁目１－２３ ,
札幌市保健所,,Ｄａｎｋ　Ｄｅｎｔａｌ　Ｌａｂ,42.9886025,141.4203875,札幌市清田区清田　９条　１丁目８－１５ ,
札幌市保健所,,Ｋ．ｄｅｎｔａｌ,42.9863648,141.4498829,札幌市清田区美しが丘　３条　２丁目９－１０ ,
札幌市保健所,,工藤技研,43.0177115,141.4301203,札幌市清田区北野　４条　１丁目９－３２ ,
札幌市保健所,,慶デンタルラボ,43.00351879999999,141.4299911,札幌市清田区清田　２条　２丁目３番３８号 ,
札幌市保健所,,株式会社　FIX DENTAL LABORATORY,43.0233549,141.43717,札幌市清田区北野　７条　２丁目８－３３ ,
札幌市保健所,,有限会社　サードデンタルラボラトリー,42.9987168,141.4234596,札幌市清田区清田　５条　１丁目１－５１ ,
札幌市保健所,,デンタルハウス,42.9873608,141.4216027,札幌市清田区清田　９条　１丁目４－３ ,
札幌市保健所,,海野歯科技工所,42.9908141,141.4217186,札幌市清田区清田　８条　１丁目１２－１２ ,
札幌市保健所,,有限会社　スペック,43.001337,141.4632684,札幌市清田区平岡　５条　６丁目１１－８ ,
札幌市保健所,,株式会社　エルムポーセレン,43.0013491,141.4328654,札幌市清田区清田　２条　２丁目１８－８ ,
札幌市保健所,,デンタルエム,42.9891197,141.4435641,札幌市清田区真栄　３条　２丁目１１－６ ,
札幌市保健所,,デンタル・ラボ・小栗,42.994102,141.4219052,札幌市清田区清田　７条　１丁目２４番５号 ,
札幌市保健所,,坂本デンタルプロ,42.9843057,141.4513205,札幌市清田区美しが丘　２条　４丁目１７－１７ ,
札幌市保健所,,本村デンタル・ラボ,43.0155848,141.4566665,札幌市清田区平岡　９条　１丁目１６－１１ ,
札幌市保健所,,有限会社　ケー・ディー・ラボ,42.99661469999999,141.4239013,札幌市清田区清田　６条　１丁目１０－２ ,
札幌市保健所,,北一デンタルラボ,42.9935094,141.4754643,札幌市清田区里塚緑ケ丘　６丁目２１－３ ,
札幌市保健所,,デンタル・オフィス・サンテック,42.9853906,141.4478478,札幌市清田区美しが丘　３条　２丁目１２－１０ ,
札幌市保健所,,アクト・クリエーション,42.9761288,141.4567197,札幌市清田区美しが丘　５条　６丁目３－１４ ,
札幌市保健所,,ヤエガシデンタルトピア,43.0110406,141.4336074,札幌市清田区北野　２条　２丁目１９－１７ ,
札幌市保健所,,テイオー　デンタルデザイン,42.9885078,141.4379688,札幌市清田区真栄　４条　１丁目５－６　 ,
札幌市保健所,,ＫＤＣラボラトリー,43.001238,141.4320239,札幌市清田区清田　３条　２丁目１２－１ ,
札幌市保健所,,エス・デンタルラボ,42.9971033,141.440989,札幌市清田区真栄　１条　１丁目１６－１４ ,
札幌市保健所,,コニシデンタルトラスト,42.9897525,141.4716124,札幌市清田区里塚緑ケ丘１０丁目４番３２号 ,
札幌市保健所,,株式会社　髙橋歯科技専,43.0082814,141.3660355,札幌市南区澄川　４条　６丁目３－１ ,
札幌市保健所,,有限会社デンタルパートナー・タイトフィット,43.0136991,141.3667897,札幌市南区澄川　４条　３丁目　４番２５号 ,
札幌市保健所,,澄川歯研,42.996835,141.3648758,札幌市南区澄川　４条１１丁目３－１５ ,
札幌市保健所,,トラストデンタルラボラトリー,43.003815,141.3189429,札幌市南区北ノ沢　８丁目７－４５ 第５あづま荘１F右,
札幌市保健所,,デンタルデザイン工房,43.0117052,141.3504605,札幌市南区南３４条西　８丁目４－３ ベルファーレ２０１号,
札幌市保健所,,有限会社　ワイ・エムデンタル・ラボラトリー,42.9622575,141.3157599,札幌市南区石山　１条　９丁目１－５５ ,
札幌市保健所,,ユーズデンタルファクトリー,42.98582,141.3252494,札幌市南区南沢　２条　１丁目１９－２６ ,
札幌市保健所,,伊藤デンタルラボラトリー,42.9844353,141.3472197,札幌市南区真駒内柏丘　９－１－４ ,
札幌市保健所,,有限会社　和田歯科技工所,42.9523866,141.3044698,札幌市南区藤野　６条　４丁目１５番８号 ,
札幌市保健所,,アルファ・デンタル・ラボラトリー,43.00286699999999,141.3349891,札幌市南区川沿　１条　２丁目１４－３０－３０５ ,
札幌市保健所,,有限会社　アーチデンタルラボラトリー,42.9857817,141.3120195,札幌市南区南沢　４条　４丁目１０番２７号 ,
札幌市保健所,,ＡＲＣデンタルアート,43.0141011,141.3657912,札幌市南区澄川　３条　３丁目４－１０－２０５号室 ,
札幌市保健所,,株式会社　エルムデンタルワークス,43.0008324,141.3748104,札幌市南区澄川　６条１０丁目８ー１２ ,
札幌市保健所,,審美ポーセレン,43.00320300000001,141.3304705,札幌市南区北ノ沢　１丁目５番２１号 ,
札幌市保健所,,合同会社　ＦＳデンタルラボ,43.0167002,141.3656434,札幌市南区澄川　３条　２丁目５番５号 Ｆ－ＰＬＡＣＥビル　２Ｆ,
札幌市保健所,,中野技巧室,43.0017898,141.320205,札幌市南区北ノ沢　９丁目６－１３ ,
札幌市保健所,,デンタルラボ７・４,43.014219,141.3595844,札幌市南区澄川　１条　３丁目６－１６ ,
札幌市保健所,,エテルノ・ラボーロ,42.9979014,141.3677845,札幌市南区澄川　５条１１丁目１４－１０ ,
札幌市保健所,,有限会社　北都歯研,42.9907225,141.3283611,札幌市南区川沿　６条　４丁目３番１号 ,
札幌市保健所,,デンタルデザイン札幌,43.001001,141.3703723,札幌市南区澄川　５条１０丁目８番１０号 ,
札幌市保健所,,デントマーク,43.0124262,141.3727161,札幌市南区澄川　５条　４丁目３番１号 ,
札幌市保健所,,米内歯科技工所,43.0143838,141.3476416,札幌市南区南３３条西１０丁目３番３２号 ,
札幌市保健所,,泉Ｄラボラトリー,43.0049329,141.3213546,札幌市南区北ノ沢　５丁目５番１０号 ,
札幌市保健所,,杉下歯科技工所,42.9594737,141.3207793,札幌市南区石山　２条　７丁目９番８号 ,
札幌市保健所,,有限会社　ファインデンタルラボラトリー,43.0181617,141.3602556,札幌市南区澄川　１条　１丁目４番１０号 ,
札幌市保健所,,ＭＥデンタルラボラトリー,43.0136907,141.3658566,札幌市南区澄川　３条　３丁目４番１５号 佐久間ビル,
札幌市保健所,,ＫＩデンタル,42.895539,141.2560105,札幌市南区簾舞４３９番地３５ ,
札幌市保健所,,有限会社　サダヤスデンタルワーク,42.992245,141.3684922,札幌市南区澄川　５条１３丁目１２番３５号 ,
札幌市保健所,,チューリップデンタルラボラトリー,42.9567261,141.3203103,札幌市南区石山　３条　８丁目５番１０号 ,
札幌市保健所,,ラボテック・カワイ,43.0124833,141.3734098,札幌市南区澄川　６条　３丁目１番２５号 むろはしビルB棟 2F,
札幌市保健所,,ハートデンタル・ラボ,43.008294,141.3243986,札幌市南区北の沢　３丁目７－４ ,
札幌市保健所,,渡辺歯科技工室,42.9440368,141.3472941,札幌市南区真駒内２５６－８１ ,
札幌市保健所,,ラボラトリー　平澤,42.9893821,141.3178528,札幌市南区南沢　４条　１丁目２番５号 ,
札幌市保健所,,有限会社　義歯工房,42.9650757,141.2881781,札幌市南区藤野　２条　９丁目１５番１６号 ,
札幌市保健所,,グリーンデンタル・ラボ,42.9830249,141.3145524,札幌市南区南沢　３条　４丁目５－８ ,
札幌市保健所,,有限会社デンタルテクニックサービス,43.0803798,141.2722912,札幌市西区西野　３条　８丁目３番１２号 ,
札幌市保健所,,Dental Labo N+Style,43.0790707,141.2950966,札幌市西区発寒　１条　３丁目４－５ ハシモトビル２Ｆ,
札幌市保健所,,デンタルライン,43.0818764,141.2754366,札幌市西区西野　１条　８丁目３－１７ ,
札幌市保健所,,プリモデンタル株式会社,43.0724552,141.2682658,札幌市西区西野　６条　７丁目３番３６号 サンライズ１Ｆ,
札幌市保健所,,横山デンタル・ラボ,43.07182,141.2850853,札幌市西区山の手　７条　７丁目８の１１ ,
札幌市保健所,,歯科工房いずたに,43.0750417,141.2731284,札幌市西区西野　４条　６丁目５－１０ ,
札幌市保健所,,アールデンタルラボラトリー,43.0829774,141.2771027,札幌市西区西町南１７丁目２－１７ ,
札幌市保健所,,Teeth Factory,43.0762615,141.2849285,札幌市西区西野　１条　２丁目５番１５号 アベニール１・２　１Ｆ,
札幌市保健所,,有限会社　ユウ,43.0980026,141.2767095,札幌市西区発寒　９条１３丁目３の１ ,
札幌市保健所,,株式会社　プライムデンタル,43.0756818,141.2655699,札幌市西区西野　５条　９丁目３－５ ,
札幌市保健所,,セイ　デンタル　オフィス,43.0996156,141.2876697,札幌市西区発寒１２条１１丁目９番１２号 ,
札幌市保健所,,コアデンタルラボラトリー,43.0724574,141.2604904,札幌市西区西野　７条１０丁目２－１０ ,
札幌市保健所,,アキモトデンタルワークス,43.0783651,141.2723508,札幌市西区西野　３条　７丁目６－１７ ,
札幌市保健所,,宮の沢デンタル株式会社,43.08698039999999,141.2687352,札幌市西区宮の沢　２条　２丁目４－７ ,
札幌市保健所,,デンタライズ・ラボ,43.0524394,141.2542636,札幌市西区平和　３条　６丁目４－１２ ,
札幌市保健所,,KIGHT DENTAL LABO,43.0705936,141.2746697,札幌市西区西野　５条　４丁目４－１ ,
札幌市保健所,,Teeth・Art,43.09083469999999,141.3172597,札幌市西区八軒　９条西　１丁目２番１４号 ,
札幌市保健所,,勤医協西区技工所,43.0889975,141.2777454,札幌市西区発寒　６条　９丁目２番６号 ,
札幌市保健所,,バディーデンタル,43.0909451,141.2910983,札幌市西区発寒　７条　４丁目２－２２ ,
札幌市保健所,,Cham Lab,43.0832696,141.3006725,札幌市西区発寒　３条　１丁目１－１３ サンプレイス琴似２C,
札幌市保健所,,有限会社　奥村歯研,43.0909488,141.287577,札幌市西区発寒　７条　５丁目１１－２１ クレストコート２－Ｂ,
札幌市保健所,,クリエイト１０８,43.058885,141.2711702,札幌市西区福井　１丁目２０番４３号 ,
札幌市保健所,,ササキデンタルラボ,43.0717791,141.2662783,札幌市西区西野　６条　８丁目５－１ ,
札幌市保健所,,レイワ・テクニカル・ラボ,43.0983733,141.2963579,札幌市西区発寒１４条２丁目３－１ 滑川ビル１－Ａ,
札幌市保健所,,原デンタルテクニック,43.0941175,141.3076957,札幌市西区八軒　７条西　７丁目１－１８ ,
札幌市保健所,,NEEDS Dental Lab,43.0944371,141.3014497,札幌市西区八軒　５条西１０丁目１－４８－１ ,
札幌市保健所,,masaru　デンタル　アーツ,43.0875598,141.3058585,札幌市西区八軒　３条西　４丁目５－７ ,
札幌市保健所,,有限会社エー．オー．ユー,43.0763232,141.3024389,札幌市西区琴似　２条　５丁目１番２２号 ,
札幌市保健所,,ハイテクニカル,43.0638196,141.2670701,札幌市西区西野　９条　４丁目１－３５ 橋本ビル２Ｆ,
札幌市保健所,,株式会社ドリームドア,43.0786778,141.2775398,札幌市西区西野　２条　６丁目３番１３号１階 ,
札幌市保健所,,株式会社シンビオデンタルラボ,43.0622635,141.2935423,札幌市西区山の手　１条１２丁目１４－１０ ,
札幌市保健所,,ディーワークス,43.0729713,141.2570892,札幌市西区西野　７条１０丁目１７－１５ ,
札幌市保健所,,株式会社　近江歯研,43.0685452,141.3126638,札幌市西区二十四軒　１条　６丁目１２－１１ ,
札幌市保健所,,ユー・デンタルデザイン,43.0858449,141.266098,札幌市西区宮の沢　３条　３丁目１６番１号 ,
札幌市保健所,,ミカワデンタルラボラトリー,43.0857448,141.3104736,札幌市西区八軒　３条西　２丁目８－８ ,
札幌市保健所,,有限会社タカ・テック,43.0910782,141.2880146,札幌市西区発寒　７条　５丁目９－７ ,
札幌市保健所,,パール歯科技研,43.0678045,141.2937003,札幌市西区山の手　３条　７丁目３－１ ,
札幌市保健所,,デンタルパートナーファジィー,43.0713552,141.3101075,札幌市西区二十四軒　３条　５丁目４－１ ,
札幌市保健所,,西野デンタルラボラトリー,43.0618866,141.2626431,札幌市西区西野１０条　６丁目１－１２ ,
札幌市保健所,,サンスリーデンタルラボ,43.0891465,141.2857512,札幌市西区発寒　６条　７丁目３－１２ ,
札幌市保健所,,田淵歯科技工所,43.06021399999999,141.2581101,札幌市西区平和　１条　４丁目５－１０ ,
札幌市保健所,,アースデンタル・ラボラトリー,43.092893,141.2657575,札幌市西区宮の沢　１条　５丁目１－５０ 第２河原ビル１階左,
札幌市保健所,,浅石歯科技工所,43.0869943,141.2593981,札幌市西区宮の沢　４条　５丁目２－１６ ,
札幌市保健所,,シーディーシー札幌,43.069126,141.3160121,札幌市西区二十四軒　１条　５丁目１－３４ ,
札幌市保健所,,京成デンタルラボラトリー,43.0704258,141.304925,札幌市西区二十四軒　３条　７丁目５－６－６２ ,
札幌市保健所,,ローヤルデンタルラボ,43.0830013,141.2908161,札幌市西区発寒　３条　５丁目６－１ ,
札幌市保健所,,サンデンタルアート,43.0931079,141.3140557,札幌市西区八軒　９条西　３丁目２－１４ ,
札幌市保健所,,野坂歯科技工所,43.0684292,141.3027362,札幌市西区山の手　１条　２丁目２－１１ ,
札幌市保健所,,モウリ・デンタルオフィス,43.0695414,141.2609004,札幌市西区西野　８条　９丁目３番１０号 ,
札幌市保健所,,ＴＭデンタルラボ,43.0572925,141.2570624,札幌市西区平和　２条　５丁目５－６　 ,
札幌市保健所,,柏葉歯科技工所,43.0942478,141.2889168,札幌市西区発寒１０条　５丁目６－１０ ,
札幌市保健所,,ヨシナミデンタルラボラトリー,43.0720511,141.2923869,札幌市西区山の手　５条　４丁目２－３０ ,
札幌市保健所,,オーエヌデンタルラボ,43.0761934,141.3082841,札幌市西区二十四軒　４条　３丁目 カルチェド札幌１,
札幌市保健所,,Ｇ－ＣＲＡＦＴ,43.0797612,141.2828359,札幌市西区西町南１１丁目６－１８ ,
札幌市保健所,,ピュアデンタルスタジオ,43.0632623,141.2549314,札幌市西区西野１０条　８丁目１２－２３ ,
札幌市保健所,,ラボテックＫ,43.0572301,141.2614744,札幌市西区平和　２条　２丁目８番８号 ,
札幌市保健所,,マイクロテックス,43.094592,141.3151807,札幌市西区八軒１０条西　４丁目１０番１２号 ,
札幌市保健所,,有限会社デンタル・ラボ歯優斗,43.0527186,141.2667282,札幌市西区福井　５丁目１６番１６号 ,
札幌市保健所,,デンタルラボ・阿部,43.0747002,141.2628093,札幌市西区西野　６条１０丁目２－１８ ,
札幌市保健所,,イノデンタル・ラボ,43.0955377,141.2929618,札幌市西区発寒１１条　４丁目１９－３ 高橋ビル２階　２０３号,
札幌市保健所,,デンタル・ラボ・深沢,43.0982948,141.2697497,札幌市西区発寒　７条１４丁目５１１番地４１ ,
札幌市保健所,,イケダデンタルプラント,43.069522,141.2979314,札幌市西区山の手　２条　４丁目５－１６ 青木ビル２０３,
札幌市保健所,,コスモデンタルラボラトリー,43.054244,141.2465168,札幌市西区平和　３条１０丁目４－２ ,
札幌市保健所,,テクニカル・ワーク,43.0837946,141.2850075,札幌市西区西町北１３丁目３－１９ ,
札幌市保健所,,ＫＯＹＡデンタルラボラトリー,43.0899472,141.2624821,札幌市西区宮の沢　３条　５丁目１７－２５ ,
札幌市保健所,,デンタルラボアシスト,43.0873742,141.3106645,札幌市西区八軒　４条西　２丁目２－２１ ,
札幌市保健所,,有限会社アイテムジャパン,43.0693423,141.2790295,札幌市西区西野　５条　２丁目１番１７号 ,
札幌市保健所,,デンタル・ラボ・戸島,43.0524904,141.2528173,札幌市西区平和　３条　７丁目３－１０ ,
札幌市保健所,,ウェストデンタルアート,43.0556314,141.2704423,札幌市西区福井　３丁目１０－２８ ,
札幌市保健所,,株式会社札幌メディカルラボ,43.1088319,141.261522,札幌市手稲区西宮の沢　１条　４丁目１０番１７号 ,
札幌市保健所,,COSMIC DENTAL合同会社,43.1390938,141.2047336,札幌市手稲区星置　３条　５丁目９番５号１０２号 ,
札幌市保健所,,メロディーラボ,43.1070726,141.2500231,札幌市手稲区富丘　３条　４丁目１０番３０号 ,
札幌市保健所,,札幌義歯研究所,43.1204511,141.2218746,札幌市手稲区稲穂　４条　４丁目１１番７号 ,
札幌市保健所,,アームデンタルラボラトリー,43.1198624,141.2638201,札幌市手稲区前田　６条　５丁目１－１０ 手稲イースト歯科２階,
札幌市保健所,,デンチャー・ヤマダ,43.1291307,141.2676859,札幌市手稲区新発寒　７条１１丁目７－１５ ,
札幌市保健所,,有限会社　福森デンタルラボ,43.1108118,141.2716162,札幌市手稲区新発寒　４条　３丁目３－２号 ,
札幌市保健所,,有限会社　歯科工房,43.09821400000001,141.2510505,札幌市手稲区富丘　４条　１丁目４－１５ ,
札幌市保健所,,ヒロデンタルオフィス,43.139243,141.2440887,札幌市手稲区前田　８条１８丁目９番１号 ,
札幌市保健所,,合同会社アドバンス・ブレーン,43.1239741,141.2687059,札幌市手稲区新発寒　６条　９丁目６－２５ ,
札幌市保健所,,合同会社ケードデンタルラボ,43.1213074,141.2773518,札幌市手稲区新発寒　７条　６丁目８－６ ,
札幌市保健所,,オービスデンタルテクニカ有限会社,43.1223114,141.2680755,札幌市手稲区新発寒　６条　９丁目３－２８ ,
札幌市保健所,,Dental Labo ぎしっこ,43.13997980000001,141.1987822,札幌市手稲区星置　３条　７丁目１５－８ ,
札幌市保健所,,デンタル　クルー,43.1304849,141.2593348,札幌市手稲区前田　８条１１丁目１－１５ ,
札幌市保健所,,ラボ長岡,43.1155588,141.2432316,札幌市手稲区手稲本町　３条　１丁目４－３０ ,
札幌市保健所,,バレンティア・ラボ,43.1048033,141.2633581,札幌市手稲区西宮の沢　２条　３丁目９－２９ ,
札幌市保健所,,株式会社ＭＤＳ札幌,43.1355227,141.2404546,札幌市手稲区曙　６条　１丁目１番３０号 ,
札幌市保健所,,Blast dental lab,43.1262206,141.2070174,札幌市手稲区金山　２条　１丁目５－１０ ,
札幌市保健所,,ジェットデンタルサービス,43.1113085,141.2688319,札幌市手稲区新発寒　３条　４丁目 こじま歯科２階,
札幌市保健所,,横山デンタルラボ,43.1308046,141.2052765,札幌市手稲区金山　１条　２丁目１０番１５号 ,
札幌市保健所,,サカイデンタルラボラトリー,43.1219197,141.2392615,札幌市手稲区手稲本町　２条　５丁目１１番１４号 ,
札幌市保健所,,有限会社コア・ブレーン,43.1259728,141.2712202,札幌市手稲区新発寒　７条　９丁目６番８号 ,
札幌市保健所,,星野歯科技工所,43.138379,141.2406294,札幌市手稲区曙　７条　１丁目１２番３号 ,
札幌市保健所,,第一デンタル・ラボ,43.1103703,141.2608292,札幌市手稲区前田　１条　３丁目５番３号 １条マンション　１階,
札幌市保健所,,有限会社二十四軒歯科ラボラトリー,43.1151354,141.2643202,札幌市手稲区前田　３条　４丁目３番２２号 ,
札幌市保健所,,マツザカデンタルラボラトリー,43.1223078,141.2384034,札幌市手稲区手稲本町　２条　５丁目 ,
札幌市保健所,,フェースデンタルラボラトリー,43.1221156,141.2398665,札幌市手稲区手稲本町　２条　５丁目１１番２３号 ,
札幌市保健所,,デンタル・プロ,43.1280937,141.2594215,札幌市手稲区前田　８条１０丁目１２－１７ ,
札幌市保健所,,柿崎デンタル・ラボ,43.130244,141.1983052,札幌市手稲区星置南　１丁目４番８号 ,
札幌市保健所,,橋野デンタルラボラトリー,43.098358,141.2515477,札幌市手稲区富丘　４条　１丁目１番８２号 ,
札幌市保健所,,医療法人社団　宮の沢パーク歯科歯科技工部,43.1027247,141.2571712,札幌市手稲区西宮の沢　４条　４丁目２９１－５１ 松原コート西宮の沢２－２０１号,
札幌市保健所,,市澤歯科技工所,43.11592659999999,141.2709321,札幌市手稲区新発寒　５条　５丁目３－１３ ,
札幌市保健所,,ノースクラフト,43.1150442,141.2798012,札幌市手稲区新発寒　６条　２丁目１０９６－４４ ,
札幌市保健所,,中塚デンタル・クラフト,43.112208,141.260418,札幌市手稲区前田　１条　４丁目４－２２ ,
札幌市保健所,,大川歯科技工室,43.1322768,141.2616221,札幌市手稲区前田　９条１１丁目９番１２号 ,
札幌市保健所,,マタムラ技研,43.1056264,141.2652363,札幌市手稲区西宮の沢　１条　３丁目２２６番地９ ,
