管理番号,施設名称,施設郵便番号,施設所在地,施設ビル名,開設年月日,備考
北海道-札幌市保健所-320150333,皆川デンタルラボ,060-0063,札幌市中央区南　３条西１７丁目,西１７ホッカイビル２Ｆ,2015/11/9,
北海道-札幌市保健所-320040047,有限会社　さくら技研,064-0821,札幌市中央区北　１条西２０丁目２－１６－１０２号室,,2004/4/27,
北海道-札幌市保健所-320040112,ホワイトデンタルラボラトリー,064-0944,札幌市中央区円山西町　２丁目８－１７,,2004/6/26,
北海道-札幌市保健所-320050233,有限会社　ユニバーサルプロステック,060-0034,札幌市中央区北　４条東　５丁目５番地９１,,2005/10/5,
北海道-札幌市保健所-320080046,中央デンタルアート,064-0811,札幌市中央区南１１条西　９丁目２の３,中央宅建ビル５０１,2008/4/8,
北海道-札幌市保健所-320090107,Ｏ’ｒａｌ　Ｑｕｅｓｔ,064-0915,札幌市中央区南２９条西１０丁目６－１０,ＫＵＤＯ．ＢＬＤ　２Ｆ,2009/6/1,
北海道-札幌市保健所-320090280,デンタルワークス理崎,064-0811,札幌市中央区南１１条西２２丁目２－８,旭ヶ丘みたかＭＳ　ＢＦ,2009/11/16,
北海道-札幌市保健所-320120171,Dental Labo T-tech,064-0952,札幌市中央区宮の森　２条　４丁目１－３,ローズハウス宮の森２・４　１０７号,2012/7/29,
北海道-札幌市保健所-320120344,リッジライン,064-0917,札幌市中央区南１７条西１６丁目４－３,藤田ハウス１号,2013/1/28,
北海道-札幌市保健所-320120422,ＮＯＡＨ・ＣＲＡＦＴ　デンタルラボ,060-0015,札幌市中央区北１５条西１５丁目７－１,,2008/4/2,
北海道-札幌市保健所-320130230,vision(ヴィジョン),060-0004,札幌市中央区北　４条西１３丁目１－８４,第２７藤栄ビル２Ｆ,2013/9/3,
北海道-札幌市保健所-320130275,有限会社　那須デンタルラボ,064-0917,札幌市中央区南１７条西１３丁目　１－２４,,2006/4/3,
北海道-札幌市保健所-320140240,ヴィブラン,060-0016,札幌市中央区北１６条西２１丁目３４－２５,,2014/5/1,
北海道-札幌市保健所-320140251,Ｄｅｎｔａｌ　ｌａｂ　Ｚｅｒｏ,064-0806,札幌市中央区南　６条西２６丁目１－５,,2014/9/21,
北海道-札幌市保健所-320010245,森　歯科技工室,060-0001,札幌市中央区北　１条西１９丁目２－１１－９０２,,2001/12/6,
北海道-札幌市保健所-320190840,札幌中央歯科技工株式会社,060-0002,札幌市中央区北　２条西　２丁目２－２９－２,ウエノビル４階Ａ号室,2021/2/15,
北海道-札幌市保健所-319550011,大滝歯科技工所,064-0916,札幌市中央区南１６条西　９丁目,,,
北海道-札幌市保健所-320240041,Kan-Lab,060-0031,札幌市中央区北　１条東　５丁目１０－４６,岡山ビル２F,2024/4/23,
北海道-札幌市保健所-320230417,株式会社　デンテ・ファルソ,060-0062,札幌市中央区南　２条西１２丁目３２３ー８,ロイヤルハイアット　６０２,2024/3/22,
北海道-札幌市保健所-320200726,合同会社エージェントサービス,060-0006,札幌市中央区北　６条西１９丁目２３－１５,アンビエンテ６１９　７０１号室,2022/9/1,
北海道-札幌市保健所-320200562,ＷＥＳＴ２０ＬＡＢＯ　ＩＮＦＨＩＲＩＣＡ,064-0824,札幌市中央区北　４条西２１丁目１－２６,ヴィラプレステージ４０３号室,2022/4/25,
北海道-札幌市保健所-320140395,株式会社　近江歯研,060-0033,札幌市中央区北　３条東　７丁目３４５番地１,ハイツしらかば１階１０３号室,2014/11/2,
北海道-札幌市保健所-320200418,ｔｒａｃｅ,060-0031,札幌市中央区北　１条東　５丁目１０,岡山ビル３Ｆ,2022/1/14,
北海道-札幌市保健所-320150134,デンタルラボ　スマイルデザイン,060-0031,札幌市中央区北　１条東　５丁目１０番,岡山ビル３階,2015/6/22,
北海道-札幌市保健所-320190792,Ｌ.Ｏ.Ｆ,060-0031,札幌市中央区北　１条東　５丁目１０番地,岡山ビル２Ｆ,2020/12/21,
北海道-札幌市保健所-320190776,ＤＭＣＡラボ　札幌,060-0062,札幌市中央区南　２条西１８丁目２９１－２２２,ＳＴＡＧＥ大通　６０１号,2020/12/11,
北海道-札幌市保健所-320190720,マッチラボ,060-0061,札幌市中央区南　１条西１２丁目４－１９２,ハウザービルＮｏ.３　７階,2020/10/21,
北海道-札幌市保健所-320190535,若葉デンタルスクエア,060-0033,札幌市中央区北　３条東　２丁目２－５,若葉ビル２Ｆ,2020/6/16,
北海道-札幌市保健所-320170320,株式会社　クライス,064-0918,札幌市中央区南１８条西１７丁目２－２４,,2017/11/1,
北海道-札幌市保健所-320180119,CAD Dental Laboratory,060-0061,札幌市中央区南　１条西　４丁目７－１,クリエイトビル６Ｆ,2018/6/26,
北海道-札幌市保健所-320200503,Ｄｉｇｉｔａｌ　Ｄｅｎｔｕｒｅ　Ｌａｂ,060-0062,札幌市中央区南　２条西　３丁目１２－２,,2022/3/26,
北海道-札幌市保健所-319800079,株式会社石垣歯科補綴研究所附属技工所,064-0804,札幌市中央区南　４条西１６丁目,,1980/10/1,
北海道-札幌市保健所-319860003,デンタルワーク斉藤,064-0811,札幌市中央区南１１条西２１丁目１４,,1986/4/1,
北海道-札幌市保健所-319850014,ＭＩ歯科技工,064-0920,札幌市中央区南２０条西１５丁目２－１０,岩渕ＡＰ,1985/4/5,
北海道-札幌市保健所-319840084,有限会社三國歯科技工所,060-0042,札幌市中央区大通西１７丁目１番地,太田ビル１Ｆ,1985/1/4,
北海道-札幌市保健所-319840046,嶋技工所,064-0808,札幌市中央区南　８条西１３丁目,,1984/9/20,
北海道-札幌市保健所-319840028,有限会社アペックス,060-0042,札幌市中央区大通西１４丁目３－２４,,1984/7/1,休止中
北海道-札幌市保健所-319860104,藤根デンタル・ラボラトリー,060-0032,札幌市中央区北　２条東　７丁目,三和ビル２Ｆ,1986/12/1,
北海道-札幌市保健所-319810088,下川原技工所,060-0005,札幌市中央区北　５条西１９丁目,,1981/10/15,
北海道-札幌市保健所-319830065,米岡デンタルラボラトリー,064-0914,札幌市中央区南１４条西１１丁目１７９０番地,,1983/2/2,
北海道-札幌市保健所-319790084,斉藤歯科技工室,064-0804,札幌市中央区南　４条西１３丁目,十三和ビル,1979/12/20,
北海道-札幌市保健所-319760040,宮の森デンタルラボラトーリー,064-0954,札幌市中央区宮の森　４条　５丁目５番地,,1976/11/29,
北海道-札幌市保健所-319730020,札幌歯科学院付属歯科技工所,064-0807,札幌市中央区南　７条西１０丁目１０３４番地,,1973/6/27,
北海道-札幌市保健所-319720005,有限会社札幌アポロ歯科技工所,060-0003,札幌市中央区北　３条西　２丁目,上山ビル,1972/6/7,
北海道-札幌市保健所-320010159,デンタルアシスト,064-0823,札幌市中央区北　３条西２１丁目２番６号,,2001/9/17,
北海道-札幌市保健所-320190664,的場デンタル・オフィス,064-0821,札幌市中央区北　１条西２３丁目２－２,表参道花岡ビル２Ｆ,2017/1/1,
北海道-札幌市保健所-319830057,有限会社ワイエムデンタルラボラトリー,064-0921,札幌市中央区南２１条西１０丁目,長谷川ビル２Ｆ,1981/2/6,
北海道-札幌市保健所-319990136,ジャスティス,064-0946,札幌市中央区双子山　１丁目１０－１７,,1999/8/12,
北海道-札幌市保健所-320000079,有限会社札幌デンチャー・ラボ,064-0820,札幌市中央区大通西２０丁目２－１４,ＭＯｗｅｓｔ20,2000/5/8,
北海道-札幌市保健所-319820073,大巧技研,064-0954,札幌市中央区宮の森　４条１１丁目,,1982/12/1,
北海道-札幌市保健所-319990154,横地デンタル・ラボ,064-0804,札幌市中央区南　４条西２２丁目２－３,,1999/9/24,
北海道-札幌市保健所-319870075,新和デンタル．ラボラトリー,060-0015,札幌市中央区北１５条西１５丁目６－１９,,,
北海道-札幌市保健所-319980015,フィット　デンタル,064-0821,札幌市中央区北　１条西２６丁目３－２６,カサ・デ・リラ１０１号,1998/3/30,
北海道-札幌市保健所-319970374,有限会社　アヴァンティ,064-0929,札幌市中央区南２９条西１１丁目５－１１,,1996/12/11,
北海道-札幌市保健所-319950218,セントラルダインデンタルプロ,064-0808,札幌市中央区南　８条西１３丁目,地建ビル３Ｆ,1996/2/1,
北海道-札幌市保健所-319940009,ＤＥＮＴＡＬ　ＬＡＢＯ　ＥＳＰＲＩＴ,064-0915,札幌市中央区南１５条西　５丁目４－１７,幌平コーポラス１０３号,1994/4/1,
北海道-札幌市保健所-319910096,シュアーデンタルラボラトリー,060-0031,札幌市中央区北　１条東　８丁目,湯谷ビル５１７,1991/9/10,
北海道-札幌市保健所-319900185,マイスターラボ,060-0062,札幌市中央区南　２条西１３丁目３１８番地,,1990/12/1,
北海道-札幌市保健所-319900116,有限会社ナカバヤシ,064-0919,札幌市中央区南１９条西　９丁目２－３７,ラカサブリース１９　１Ｆ,1990/9/1,
北海道-札幌市保健所-319890209,有限会社ツチヤデンタル・ラボラトリー,060-0063,札幌市中央区南　３条西１２丁目,三和ビル７Ｆ,1989/10/2,
北海道-札幌市保健所-319890048,ラボテック・しもさか,060-0052,札幌市中央区南　２条東　１丁目,フラーテ札幌７１１,1989/6/4,
北海道-札幌市保健所-319890028,吉田歯研,064-0920,札幌市中央区南２０条西１１丁目２－３８,,1989/5/8,
北海道-札幌市保健所-319880066,株式会社札幌マリンクラブ,064-0810,札幌市中央区南１０条西１４丁目１番２１号,,1988/7/27,
北海道-札幌市保健所-320030164,SSデンタルラボラトリー,001-0922,札幌市北区新川　２条１２丁目　４－８,,2003/8/18,
北海道-札幌市保健所-320080244,合同会社　根本歯科技工室,002-8072,札幌市北区あいの里　２条　２丁目６－１３,,2008/10/1,
北海道-札幌市保健所-320080177,株式会社　菊池パンデント,001-0019,札幌市北区北１９条西　５丁目１番２号,,2008/5/13,
北海道-札幌市保健所-320080116,デンタル・オフィス札幌,001-0923,札幌市北区新川　３条　８丁目８－１０,,2008/5/20,
北海道-札幌市保健所-320080025,デンタルファクトリー,001-0035,札幌市北区北３５条西　２丁目１－２０,,2008/1/4,
北海道-札幌市保健所-320070097,フジ技研,001-0018,札幌市北区北１８条西　４丁目２－２０－５０１号,,2007/5/25,
北海道-札幌市保健所-320060299,デンタルラボ　ハ・ドック,002-8011,札幌市北区太平１１条　２丁目　５－１０,,2006/12/2,
北海道-札幌市保健所-320050068,デンタルラボ　ファイズ５５５,001-0011,札幌市北区北１１条西　４丁目　１－４４,ベルエアプラザ２Ｆ,2005/5/26,
北海道-札幌市保健所-320050056,株式会社札幌デンタル・ラボラトリーデンチャーセンター,001-0024,札幌市北区北２４条西　２丁目４番１３号,,2005/5/9,
北海道-札幌市保健所-320050034,株式会社札幌デンタル・ラボラトリー,064-0801,札幌市北区北２４条西　２丁目４－１３,,2005/4/1,
北海道-札幌市保健所-320040330,デンタル　アドバンス,001-0922,札幌市北区新川　２条１２丁目１番８号,,2005/3/25,
北海道-札幌市保健所-320020020,アートナレッジクリエイションジャパン,001-0027,札幌市北区北２７条西　３丁目１－８,広富ビル１Ｆ,2002/4/1,
北海道-札幌市保健所-320040189,デンタルラボア・エスツー,002-0859,札幌市北区屯田　９条１０丁目２－２０,,2004/9/21,
北海道-札幌市保健所-320080247,有限会社　ジェイ・ジェイ・テクニカ,001-0037,札幌市北区北３７条西　６丁目１－２５,ノースハイツ桑嶋本館１０７,1997/10/13,
北海道-札幌市保健所-320020251,渡辺歯科技研,001-0930,札幌市北区新川６９１番地４４,,2002/12/23,
北海道-札幌市保健所-320010131,クローバー・ラボ,001-0025,札幌市北区北２５条西　５丁目,プラザ２５　２階,2001/8/1,
北海道-札幌市保健所-320010259,有限会社　ステルスデンタルサービス,001-0907,札幌市北区新琴似　７条　８丁目５番２４号,生協２Ｆ,2001/12/21,
北海道-札幌市保健所-320230258,さとうグループ株式会社,001-0905,札幌市北区新琴似　５条　１丁目２－２６,栄和コーポ１５号室,2019/5/1,
北海道-札幌市保健所-320040242,ポラリス・デンタル,001-0026,札幌市北区北２６条西１４丁目２－１２,,2004/11/25,
北海道-札幌市保健所-320160104,ハチヤデンタルラボ,001-0926,札幌市北区新川　６条１４丁目３－１７,,2016/5/8,
北海道-札幌市保健所-320190078,株式会社Ｎｅｘｔ　Ｄｅｎｔａｌ　Ｉｎｎｏｖａｔｉｏｎ,002-8064,札幌市北区拓北　４条　２丁目７－８,,2019/5/10,
北海道-札幌市保健所-319990151,Ｄ'sプロジェクト,002-8029,札幌市北区篠路　９条　４丁目６－１５,,1999/9/20,
北海道-札幌市保健所-320230323,株式会社札幌デンタルラボラトリー　総合デジタル加工センター,001-0024,札幌市北区北２４条西　２丁目３－１,,2024/1/9,
北海道-札幌市保健所-320230241,グローバル歯研,001-0909,札幌市北区新琴似　９条１５丁目１－１５,,2023/10/13,
北海道-札幌市保健所-320200412,Kvell　dental　lab,001-0907,札幌市北区新琴似　７条　２丁目１番２８号,２０２号室,2022/1/11,
北海道-札幌市保健所-320200227,本間精密歯研,001-0038,札幌市北区北３８条西　７丁目３－７,,2021/8/23,
北海道-札幌市保健所-320190644,株式会社　歯の匠,002-8022,札幌市北区篠路　２条　８丁目２－２５,,2020/9/1,
北海道-札幌市保健所-320200424,サリー歯研,001-0912,札幌市北区新琴似１２条１０丁目３－３５,,2012/4/1,
北海道-札幌市保健所-320170316,株式会社CRAFT,002-8009,札幌市北区太平　９条　７丁目１番２号,,2017/11/24,
北海道-札幌市保健所-320080326,有限会社　室谷デンタルシステム・ラボラトリー,001-0922,札幌市北区新川　２条　２丁目８－３,,2005/1/21,
北海道-札幌市保健所-320150215,デンタルラボ・レーベル,001-0904,札幌市北区新琴似　４条　１丁目６－２９　アスターハイム,,2015/8/1,
北海道-札幌市保健所-320150035,ｄｅｎｔ　ａｒｅｎａ　ｋｅｙ．Ｔ,001-0922,札幌市北区新川　２条　３丁目８－８,,2015/4/16,
北海道-札幌市保健所-320120179,モダンデンタルラボラトリー,001-0911,札幌市北区新琴似１１条１６丁目１－１９,,2012/8/7,
北海道-札幌市保健所-320120160,Sapporo Dental Craft 匠,001-0901,札幌市北区新琴似　１条１１丁目１０－３　１Ｆ,,2012/7/17,
北海道-札幌市保健所-320120126,株式会社　麻生ＳＫデンタルラボ,001-0903,札幌市北区新琴似　３条１３丁目３－１８,,2012/6/1,
北海道-札幌市保健所-320120123,有限会社　イトウラボラトリーサービス,001-0029,札幌市北区北２９条西５丁目２－２３,インフィニティ２９５－３０７,2012/4/28,
北海道-札幌市保健所-320100197,Ｆ・デンタルラボ,002-8074,札幌市北区あいの里　４条　３丁目１２－１,,2010/8/2,
北海道-札幌市保健所-320090304,株式会社　エヌ・エス・ピーデンタルラボ,001-0023,札幌市北区北２３条西　３丁目１－２７,ウエイトン２３－６１２,2010/1/10,
北海道-札幌市保健所-320180329,ＲＩＲＥ　Ｄｅｎｔａｌ　ｏｆｆｉｃｅ,001-0910,札幌市北区新琴似１０条１６丁目４－１９,,2018/11/30,
北海道-札幌市保健所-319670028,ラボ３３,001-0033,札幌市北区北３３条西１１丁目７－１３,,1972/12/10,
北海道-札幌市保健所-319910157,成巧舎,002-8071,札幌市北区あいの里　１条　４丁目１－３０,,1992/2/3,
北海道-札幌市保健所-319900229,鈴木歯科技工所,001-0911,札幌市北区新琴似１１条　９丁目８－１２,,1991/3/1,
北海道-札幌市保健所-319900213,有限会社　ユニテック・イシダ,001-0907,札幌市北区新琴似　７条１６丁目４－２３,,1991/1/21,
北海道-札幌市保健所-319900124,渡辺歯科技研,001-0911,札幌市北区新琴似１１条１５丁目,,1990/9/13,
北海道-札幌市保健所-319900010,有限会社　安井デンタルテクニークファクトリー,002-8073,札幌市北区あいの里　３条　５丁目３－１１,,1990/3/29,
北海道-札幌市保健所-319890190,有限会社　エム・エフ・デンタルラボ,002-8074,札幌市北区あいの里　４条　６丁目７－２２,,1989/10/1,
北海道-札幌市保健所-319890007,太平ラボ,002-8012,札幌市北区太平１２条　５丁目６－１３,,1989/3/27,
北海道-札幌市保健所-319920145,株式会社　パイオニアデンタルラボラトリー,002-8081,札幌市北区百合が原　７丁目１０－６,,1992/12/18,
北海道-札幌市保健所-319880029,デンタルオフィス２８,001-0908,札幌市北区新琴似　８条　９丁目５－３,,1987/8/1,
北海道-札幌市保健所-319730045,長谷川歯科技工所,002-8002,札幌市北区太平　２条　４丁目,,1973/12/17,
北海道-札幌市保健所-319870121,ＭＹデンタルラボラトリー,001-0908,札幌市北区新琴似　８条　９丁目２－１,マルシンビル２Ｆ,,
北海道-札幌市保健所-319840086,マキノデンタルラボラトリー,001-0028,札幌市北区北２８条西１０丁目１－２２,,1985/1/7,
北海道-札幌市保健所-319830006,大成デンタル・ラボラトリー,001-0018,札幌市北区北１８条西　４丁目,北１８条ハイツ５Ｆ５０１,,
北海道-札幌市保健所-319820032,笠井歯科補綴研究所,002-8005,札幌市北区太平　５条　６丁目９３－１０６,,1981/10/1,
北海道-札幌市保健所-319810046,有限会社　札幌山形技研,001-0023,札幌市北区北２３条西　８丁目１８,,1980/4/1,
北海道-札幌市保健所-319700013,三浦歯科補綴研究所,001-0905,札幌市北区新琴似　５条　２丁目２－３,,1970/8/8,休止中
北海道-札幌市保健所-320200092,丸岡歯科技工室,001-0013,札幌市北区北１３条西　２丁目１－１２,,2021/5/11,
北海道-札幌市保健所-319990072,有限会社　共栄デンタルアート,001-0033,札幌市北区北３３条西　３丁目２－１７,丸菱ビル２Ｆ,1999/5/31,
北海道-札幌市保健所-319880098,株式会社札幌デンタル・ラボラトリー,001-0024,札幌市北区北２４条西　２丁目３－２６,,1988/9/9,
北海道-札幌市保健所-319980185,Dental　Laboratory　ＲＩＳＥ,001-0924,札幌市北区新川　４条１０丁目１－１１,,1998/1/5,
北海道-札幌市保健所-319920190,有限会社　ユアーズデンタルオフィス,001-0910,札幌市北区新琴似１０条１４丁目４－３,,1993/3/22,
北海道-札幌市保健所-319980293,（有）アルトデンタル,002-8072,札幌市北区あいの里　２条　７丁目１３－６,,1996/12/1,
北海道-札幌市保健所-319980323,サム・デンタル・オフィス,001-0903,札幌市北区新琴似　３条１０丁目１－８,,1999/3/15,
北海道-札幌市保健所-319980153,やまだ・デンタル・エンジニア,002-8052,札幌市北区篠路町上篠路７１－２６,,1998/8/24,
北海道-札幌市保健所-319980113,ビジュアライジング・ラボ,001-0023,札幌市北区北２３条西　５丁目２番３１号,Ｊビル３０５,1998/7/15,
北海道-札幌市保健所-319980087,Ｙ's デンタルラボラトリー,002-8042,札幌市北区東茨戸　２条　２丁目５０－４９,,1998/3/23,
北海道-札幌市保健所-319980072,有限会社　プロスヴァンガード,001-0020,札幌市北区北２０条西　４丁目２番地１２,レンセイカイビル２Ｆ,1998/5/26,
北海道-札幌市保健所-319980068,有限会社　ミリオンデンタル・ラボ高橋,001-0911,札幌市北区新琴似１１条１７丁目２番１２号,,1994/11/4,
北海道-札幌市保健所-319980034,株式会社　Ｍ＆Ｍラボラトリー,001-0032,札幌市北区北３２条西　５丁目３番２７号,田中ビル２Ｆ,1998/4/20,
北海道-札幌市保健所-319930214,有限会社　メディカ,001-0901,札幌市北区新琴似　１条　１丁目１－１,ティーエムビル２Ｆ,1994/3/21,
北海道-札幌市保健所-319970241,デンタル・シンクタンク・ラボ,001-0905,札幌市北区新琴似　５条１３丁目６番１９号,,1997/8/20,
北海道-札幌市保健所-319950213,田中テクニカルラボ,001-0923,札幌市北区新川　３条１０丁目２－２１,,1996/1/28,
北海道-札幌市保健所-319950160,有限会社　嘉納デンタルラボラトリー,001-0855,札幌市北区屯田　５条　３丁目２－１３,,1995/11/6,
北海道-札幌市保健所-319950004,クローバー・デンタル・クラフト,002-8071,札幌市北区あいの里　１条　４丁目１５－２,,1995/4/4,
北海道-札幌市保健所-319940170,有限会社　シー・スコープ,002-8072,札幌市北区あいの里　２条　７丁目７－２５,,1994/11/1,
北海道-札幌市保健所-319940042,トマトデンタルラボラトリー,001-0032,札幌市北区北３２条西　９丁目１－１１,,1994/5/9,
北海道-札幌市保健所-319930066,有限会社　デンタルスタジオ,002-8026,札幌市北区篠路　６条　５丁目２－１,,1993/6/2,
北海道-札幌市保健所-319930196,有限会社　デンター・グループ,001-0903,札幌市北区新琴似　３条　１丁目４－１３,,1994/2/1,
北海道-札幌市保健所-319970442,有限会社　岩崎デンタルセンター,001-0029,札幌市北区北２９条西１３丁目１番１号,松明ビル,1994/10/1,
北海道-札幌市保健所-320110174,小野寺デンタルラボ,065-0032,札幌市東区北３２条東　１丁目４－２３,レジデンスＪＭ１０１号室,2011/8/2,
北海道-札幌市保健所-320120222,Ａｔｅｃ,065-0020,札幌市東区北２０条東　１丁目２－２７,ハイツカトレア１２　１０１号,2012/7/1,
北海道-札幌市保健所-320120259,Ｄ-クラフト,007-0873,札幌市東区伏古１３条　５丁目５－１１,,2008/2/1,
北海道-札幌市保健所-320130270,#BECK dentalstudio,007-0845,札幌市東区北４５条東１７丁目４－１０,,2013/10/10,
北海道-札幌市保健所-320130387,ＮＥＸＴ　ＤＥＮＴＡＬ　ＬＡＢＯ,065-0017,札幌市東区北１７条東 ９丁目２番５号,ＴＵＢＥハウス　１階,2014/1/15,
北海道-札幌市保健所-320140393,Ｋ－Ｇアイデント,065-0024,札幌市東区北２４条東１８丁目２－１,,2015/2/1,
北海道-札幌市保健所-320100003,ＹＤＬ　Sapporo,007-0834,札幌市東区北３４条東　７丁目１－２３,,2010/4/1,
北海道-札幌市保健所-320150044,ウェル グロー,065-0032,札幌市東区北３２条東　６丁目３－１９,,2014/12/21,
北海道-札幌市保健所-320140296,有限会社　デンタル・プランニング,007-0835,札幌市東区北４９条東　６丁目１番２号,,2007/5/3,
北海道-札幌市保健所-320110039,ジャパンデンタルクリエイツ,065-0021,札幌市東区北２１条東　１丁目３－２２,,2011/4/20,
北海道-札幌市保健所-320100364,髙島デンタルラボラトリー,007-0808,札幌市東区東苗穂　８条　１丁目１４－５,,2010/1/25,
北海道-札幌市保健所-320090104,株式会社　北海道メディカル・ラボラトリーズ,007-0804,札幌市東区東苗穂　４条　１丁目１０番２３号,,2009/6/1,休止中
北海道-札幌市保健所-320100137,有限会社　國枝デンタル・ラボ　,065-0026,札幌市東区北２６条東１８丁目７番１１号,,2005/12/20,
北海道-札幌市保健所-320090176,デンタルクラフトワークス,065-0019,札幌市東区北１９条東１２丁目５－１４－１０１,,2009/8/11,
北海道-札幌市保健所-320150223,ＹＤＬ（山崎デンタルラボラトリー）,065-0033,札幌市東区北３３条東　８丁目３－１,光山ビル,2015/8/21,
北海道-札幌市保健所-320200256,Ｓｈｙ,065-0025,札幌市東区北２５条東　５丁目３－１６,,2020/3/13,
北海道-札幌市保健所-320090035,デンタル・アロー,065-0014,札幌市東区北１４条東　２丁目２番７号,マンションゆり　２Ｆ,2009/4/1,
北海道-札幌市保健所-320100295,株式会社　リプロデンタル札幌,065-0033,札幌市東区北３３条東　１丁目１－７,,2010/10/27,
北海道-札幌市保健所-320200124,aozora.D.Lab,007-0005,札幌市東区中沼　５条　２丁目１－１０,,2021/6/8,
北海道-札幌市保健所-320240104,ヒルズデンタルラボ,065-0030,札幌市東区北３０条東１３丁目１－６,,2024/6/1,
北海道-札幌市保健所-320090111,歯科工房　片桐,065-0022,札幌市東区北２２条東　１丁目３番１４号,,2009/6/4,
北海道-札幌市保健所-320080213,蓮本デンタルクリエイション,007-0870,札幌市東区伏古１０条　１丁目１４-１４,,2000/10/2,
北海道-札幌市保健所-320240042,株式会社　IDL,007-0849,札幌市東区北４９条東　８丁目３－３７,,2024/4/30,
北海道-札幌市保健所-320230400,ユーズデンタル,065-0024,札幌市東区北２４条東　５丁目１－８,,2020/9/15,
北海道-札幌市保健所-320230147,株式会社Accordent.Lab,065-0019,札幌市東区北１９条東　５丁目３－１２,,2022/4/1,
北海道-札幌市保健所-320230040,デンチャーラボラトリービビッド,065-0033,札幌市東区北３３条東１２丁目３－１４,,2023/4/3,
北海道-札幌市保健所-320230001,ベアテック札幌,065-0033,札幌市東区北３３条東　１丁目１－７,ミレニアム南麻生１Ｆ・２Ｆ,2023/4/1,
北海道-札幌市保健所-320190881,Ｔ．Ａ　Ｄｅｎｔａｌ　Ｌａｂｏ,007-0813,札幌市東区東苗穂１３条　２丁目１５－７,,2021/3/26,
北海道-札幌市保健所-320200851,株式会社Ｔｒｕｓｔ　Ｄｅｎｔｕｒｅ　Ｏｆｆｉｃｅ,065-0033,札幌市東区北３３条東１２丁目３－１４,,2022/12/22,
北海道-札幌市保健所-320150412,有限会社　道都デンタル・ラボ,065-0010,札幌市東区北１０条東　３丁目２－１０,ブリストル１階,2016/2/15,
北海道-札幌市保健所-320240086,デンタルウィング,065-0033,札幌市東区北３３条東　１丁目,ミレニアム東麻生３０３号,2024/6/10,
北海道-札幌市保健所-320190275,有限会社　札幌バイオデンタルラボラトリー,007-0803,札幌市東区東苗穂　３条　１丁目３－３０,杉都ビル２Ｆ,2019/10/1,
北海道-札幌市保健所-320170390,RYOMA Dental Technician's Office,065-0026,札幌市東区北２６条東１７丁目２－２４,駒ビル１Ｆ　１０２号,2018/2/15,
北海道-札幌市保健所-320170346,Dental　Craft,007-0815,札幌市東区東苗穂１５条　１丁目２－２３,２F,2018/1/1,
北海道-札幌市保健所-320170310,和田精密歯研株式会社　札幌センター,007-0845,札幌市東区北４５条東１６丁目１－１８,,2017/3/13,
北海道-札幌市保健所-320170234,合同会社　オルソブレイン,065-0018,札幌市東区北１８条東　６丁目１－３７－２０２,,2017/9/13,
北海道-札幌市保健所-320160272,フィットデンタルラボ,007-0843,札幌市東区北４３条東　３丁目１－２５,ＬＩＲＡ－Ｂ棟１０５,2015/5/1,
北海道-札幌市保健所-320160059,ＤＥＮＴＳＴＥＲ,060-0907,札幌市東区北　７条東　６丁目２－２,グランステージＮ７　１０２,2016/3/21,
北海道-札幌市保健所-320200958,医療法人社団来仁会　ヒカリデンタルラボ札幌,007-0835,札幌市東区北３５条東　７丁目３－１７,,2023/3/16,
北海道-札幌市保健所-319870015,松尾歯科技研,007-0837,札幌市東区北３７条東２９丁目８番１０号,,1987/4/1,
北海道-札幌市保健所-319910020,有限会社ミクロデントアトリエ白石,007-0849,札幌市東区北４９条東　８丁目３番３７号,,1991/4/10,
北海道-札幌市保健所-319900196,株式会社クリアデンタル,065-0010,札幌市東区北１０条東１２丁目２番２０号,,1990/11/11,
北海道-札幌市保健所-319900173,下山歯科技工所,007-0871,札幌市東区伏古１１条　４丁目７番１７号,,1990/11/1,
北海道-札幌市保健所-319900029,有限会社ユニバーサルデンタルラボ,065-0019,札幌市東区北１９条東　７丁目９４番地３,,1990/4/10,
北海道-札幌市保健所-319890155,石狩ラボ・ワーク,065-0023,札幌市東区北２３条東　４丁目３番３２号,,1989/9/18,
北海道-札幌市保健所-319890018,阪本デンタル技専,007-0834,札幌市東区北３４条東１９丁目２番７号,,1989/4/24,
北海道-札幌市保健所-319890013,ナリタデンタル・ラボラトリー,007-0843,札幌市東区北４３条東　４丁目３番１５号,成田アパート,1989/4/13,
北海道-札幌市保健所-319910048,大下デンタル,065-0026,札幌市東区北２６条東１２丁目３番２２号,,1991/6/18,
北海道-札幌市保健所-319880097,有限会社デンタルサポート,007-0843,札幌市東区北４３条東１４丁目３－２５,,1988/9/10,
北海道-札幌市保健所-319870124,原田歯科技研,065-0027,札幌市東区北２７条東２１丁目３番１５号,,1985/2/18,
北海道-札幌市保健所-319840067,株式会社　札幌桂和歯研,065-0020,札幌市東区北２０条東　１丁目１番３号,ＣＯ－ＯＰマンションＣ棟１０８号,1984/11/19,
北海道-札幌市保健所-319840053,ＥＥ歯研,065-0010,札幌市東区北１０条東１２丁目４番３９号,フタバハイツ２Ｆ,1984/10/9,
北海道-札幌市保健所-319790033,有限会社川島歯科技工所,065-0026,札幌市東区北２６条東　４丁目３番１号,,,
北海道-札幌市保健所-319760025,菊池歯科技工所,007-0848,札幌市東区北４８条東　９丁目,,1976/9/1,
北海道-札幌市保健所-319720052,川島歯科技工所,007-0844,札幌市東区北４４条東　９丁目３番２２号,,,
北海道-札幌市保健所-319650001,斉藤歯科技工所,007-0846,札幌市東区北４６条東　１丁目２番６号,,,休止中
北海道-札幌市保健所-320060325,さくら技研,065-0026,札幌市東区北２６条東　４丁目３－１,,2007/1/9,
北海道-札幌市保健所-320090193,株式会社　林テクニックオフィス,007-0828,札幌市東区東雁来　８条　１丁目１０番２２号,,1987/5/12,
北海道-札幌市保健所-319880169,有限会社益田デンタルラボ,007-0834,札幌市東区北３４条東　６丁目３番２０号,益田ハウス２Ｆ,1989/2/13,
北海道-札幌市保健所-320020163,プラネットデンタル合名会社,065-0023,札幌市東区北２３条東２３丁目４番２８号,,2002/8/30,
北海道-札幌市保健所-320060157,セブンデンタルラボ,065-0008,札幌市東区北　８条東１２丁目１－１,須戸商店ビル２Ｆ,2006/7/20,
北海道-札幌市保健所-319860061,大谷歯科技研,007-0872,札幌市東区伏古１２条　４丁目４番１６号,,1986/8/25,
北海道-札幌市保健所-319910059,勝田デンタルオフィス,065-0011,札幌市東区北１１条東　１丁目９番１３号,ＤＢＭビル１０１,1991/7/8,
北海道-札幌市保健所-320060013,勤医協歯科技工所,007-0870,札幌市東区伏古１０条　３丁目２番３号,,2006/4/1,
北海道-札幌市保健所-320030214,Ｄ’ｓ　クリエート,007-0846,札幌市東区北４６条東　８丁目３－８,,2003/10/21,
北海道-札幌市保健所-320020250,有限会社クリーンデンタルラボ,065-0030,札幌市東区北３０条東１３丁目１番６号,,2003/1/1,
北海道-札幌市保健所-320060033,歯科工房ビオトープ,007-0808,札幌市東区東苗穂　８条　１丁目１５－６,,2006/4/18,
北海道-札幌市保健所-320020028,テクニカル・ケーズ,065-0028,札幌市東区北２８条東　１丁目４－２５,フロンティア８８　１F,2002/4/4,
北海道-札幌市保健所-320010239,デンタルライフ　ヒラノ,007-0811,札幌市東区東苗穂１１条　３丁目１２－４５,,2001/11/26,
北海道-札幌市保健所-319950145,有限会社アースデンタルラボラトリー,007-0870,札幌市東区伏古１０条　３丁目１１番９号,,1995/8/1,
北海道-札幌市保健所-320010185,Ｇ－Ｇｒａｃｅ,007-0839,札幌市東区北３９条東　１丁目１－１６,工藤ビル　２Ｆ,2001/10/2,
北海道-札幌市保健所-320000038,イーストデンタルラボ,007-0808,札幌市東区東苗穂　８条　８丁目９番１８号,,2000/5/1,
北海道-札幌市保健所-319970396,ＣＡクラフト・アート,007-0842,札幌市東区北４２条東　２丁目２－１４,,1997/5/6,
北海道-札幌市保健所-319970234,有限会社アザブデンタルラボラトリー,007-0835,札幌市東区北３５条東　８丁目１番１号,エスポワール３５,1997/8/4,
北海道-札幌市保健所-319960078,有限会社サマーデンタル・ラボラトリー,065-0030,札幌市東区北３０条東１５丁目３番２０号,クレールフランセ・エスト２１７,1996/5/31,
北海道-札幌市保健所-319960056,ＷＯＷ（ワウ）デンタルクラフト,065-0033,札幌市東区北３３条東　９丁目６番２４号,,1996/5/11,
北海道-札幌市保健所-320030107,坂本デンタルラボラトリー,065-0017,札幌市東区北１７条東１３丁目１－１４,窪田ビル２Ｆ,2003/7/7,
北海道-札幌市保健所-319950041,有限会社協新社,007-0874,札幌市東区伏古１４条　５丁目９番１０号,,1995/4/15,
北海道-札幌市保健所-319920081,有限会社斉藤デンタル,007-0806,札幌市東区東苗穂　６条　１丁目１０番２８号,,1992/8/1,
北海道-札幌市保健所-320030123,テクニカル・アート,003-0012,札幌市白石区中央　２条　１丁目４－１,寿白石ビル３階,2003/7/22,
北海道-札幌市保健所-320030101,デンタルラボ・ネオフィット,003-0013,札幌市白石区中央　３条　４丁目５－３３,,2003/6/20,
北海道-札幌市保健所-320010197,イデアデンタルラボ,003-0834,札幌市白石区北郷　４条　１丁目３－１８,フロンティア北郷　２Ｆ,2001/4/2,
北海道-札幌市保健所-320010190,有限会社アイティーアイデンタルラボラトリー,003-0859,札幌市白石区川北２２６７－２７,,2001/10/6,
北海道-札幌市保健所-320010057,有限会社　トリアスデンタル・ラボラトリー,003-0813,札幌市白石区菊水上町　３条　３丁目５２番地１８,みゆきビル,2001/5/16,
北海道-札幌市保健所-320000022,ケイズファイン　デンタルラボラトリー,003-0813,札幌市白石区菊水上町　３条　３丁目３８２－２６,,2000/4/18,
北海道-札幌市保健所-319990256,フェルト　デンタル　アート,003-0833,札幌市白石区北郷　３条　１丁目４－６,,2000/2/1,
北海道-札幌市保健所-319990069,デンタル・プログレス,003-0814,札幌市白石区菊水上町　４条４丁目５４－７,,1999/6/1,
北海道-札幌市保健所-320040274,有限会社　ぎこうや,003-0873,札幌市白石区米里　３条　１丁目８番１２号,,2004/11/1,
北海道-札幌市保健所-319990250,斎藤デンタル,003-0024,札幌市白石区本通　３丁目南３－６,,2000/1/21,
北海道-札幌市保健所-319990262,リベラル　デザイン,003-0027,札幌市白石区本通　９丁目北４－１,伊丹地所ビル２０４,2000/2/2,
北海道-札幌市保健所-320050081,有限会社　カワバタデンタル・ラボ,003-0012,札幌市白石区中央　２条　７丁目４番１６号,,2005/6/1,
北海道-札幌市保健所-320050260,ロケット　デンタル　デザイン,003-0002,札幌市白石区東札幌　２条　５丁目８－２６,アネックス３Ｆ,2005/12/1,
北海道-札幌市保健所-320060012,勤医協菊水技工所,003-0804,札幌市白石区菊水　４条　１丁目７番２５号,,2006/4/1,
北海道-札幌市保健所-320060168,株式会社　Ｄｓi,003-0835,札幌市白石区北郷　５条　８丁目１０－１２,,2006/8/10,
北海道-札幌市保健所-320060230,有限会社　札幌歯科技巧社,003-0834,札幌市白石区北郷　４条　４丁目１２－８,,2006/10/10,
北海道-札幌市保健所-320070137,ＮＳ　Ｄental　Ｌaboratory,003-0012,札幌市白石区中央　２条　６丁目１－１６　１Ｆ,,2007/7/17,
北海道-札幌市保健所-320080210,有限会社　サッポロイーセット,003-0027,札幌市白石区本郷通　３丁目南４番３１号,カサビアンコ　１Ｆ,2006/9/1,
北海道-札幌市保健所-320090159,株式会社　テクニコ,003-0801,札幌市白石区菊水　１条　４丁目２番８号,,2009/7/27,
北海道-札幌市保健所-320090346,ヒロタデンタル,003-0012,札幌市白石区中央　２条　１丁目４－１,寿白石ビル１Ｆ,2003/1/1,
北海道-札幌市保健所-319980194,浜田技工所,003-0026,札幌市白石区本通　８丁目南　４－２５,,1987/11/1,
北海道-札幌市保健所-319810085,アリタテクニカルデント,003-0834,札幌市白石区北郷　４条１１丁目２番１１号,,1982/2/1,
北海道-札幌市保健所-320080402,デントテクニクス,003-0814,札幌市白石区菊水上町　４条　２丁目５２番地２０６,,2009/3/25,
北海道-札幌市保健所-319930176,有限会社池添歯科技工所,003-0027,札幌市白石区本通１７丁目北５－８,,1993/12/1,
北海道-札幌市保健所-320090283,有限会社ビーム,003-0832,札幌市白石区北郷　２条　７丁目８－１７,,2001/1/11,
北海道-札幌市保健所-319740015,有限会社デンタルテクニシャン札幌歯研,003-0833,札幌市白石区北郷　３条　２丁目１３－９,,1974/5/16,
北海道-札幌市保健所-319760004,橘歯研,003-0023,札幌市白石区南郷通１４丁目北３４,,1976/4/20,
北海道-札幌市保健所-319840070,たくみ歯研,003-0832,札幌市白石区北郷　２条　１丁目５－２１,第３恭映ビル２Ｆ,1984/12/1,
北海道-札幌市保健所-319880011,ファットデンタル株式会社,003-0825,札幌市白石区菊水元町　５条　１丁目３－１８,,1988/4/4,
北海道-札幌市保健所-319880018,堀江歯研,003-0833,札幌市白石区北郷　３条　２丁目９－７,,1988/4/18,
北海道-札幌市保健所-319880073,スコーキー・デンタル・スタジオ,003-0002,札幌市白石区東札幌　２条　５丁目１０－１,佐藤ビル３０２,1988/8/12,
北海道-札幌市保健所-319910176,Ｋ．Ｄ．Ａ　Ｌａｂ,003-0835,札幌市白石区北郷　５条　８丁目１２－４,ウェル北郷３０１,1992/3/23,
北海道-札幌市保健所-319930013,有限会社クラフトデンタルアート,003-0021,札幌市白石区栄通１７丁目６－１０,ロベリア２地下１階,1993/4/14,
北海道-札幌市保健所-319870028,株式会社北海道医療コンサルタント白石ラボラトリー,003-0865,札幌市白石区川下　５条　１丁目１－２,,1987/5/1,
北海道-札幌市保健所-319930131,エーワデンタルラボラトリー,003-0025,札幌市白石区本郷通１１丁目北３番２４号,,1993/10/4,
北海道-札幌市保健所-319980173,有限会社　三恵デンタルラボラトリー,003-0827,札幌市白石区菊水元町　７条　２丁目１－１,,1993/4/20,
北海道-札幌市保健所-319930190,株式会社ケー・ディ・ピー,003-0823,札幌市白石区菊水元町　３条　２丁目３－１,ニューイトウビル２Ｆ,1991/12/2,
北海道-札幌市保健所-319940025,有限会社ジェット・デンタルサービス白石支部,003-0022,札幌市白石区南郷通　８丁目南３－２９,グランド・コートビレッジ１階,1994/4/18,
北海道-札幌市保健所-319940068,雅デンタルアート,003-0022,札幌市白石区南郷通　７丁目南６－５,アニバーサリー３０ｔｈ南郷１階,1994/6/20,
北海道-札幌市保健所-319940101,アイコニクスデンタルラボラトリー,003-0814,札幌市白石区菊水上町　４条　２丁目５２－２０８,,1994/8/1,
北海道-札幌市保健所-319940111,ノースプリズム,003-0863,札幌市白石区川下　３条　４丁目５番１６号,,1994/8/17,
北海道-札幌市保健所-319950162,サワダデンタルサポート,003-0024,札幌市白石区本郷通　１丁目南１－１,柴パレス１０３,1995/1/30,
北海道-札幌市保健所-319970109,河村デンタルリアライズ,003-0825,札幌市白石区菊水元町　５条　２丁目２－２０,インタービル３０１,1996/11/1,
北海道-札幌市保健所-319970168,有限会社　デンタルパートナー　タイト・フィット　本郷通営業所,003-0024,札幌市白石区本郷通　１丁目南１－１　,柴パレス１０７号,1997/6/9,
北海道-札幌市保健所-319980047,ジーテック　アート（Ｇ Ｔｅｃｈ　Ａｒｔ）,003-0012,札幌市白石区中央　２条　１丁目４,寿白石ビル１Ｆ,1998/5/6,
北海道-札幌市保健所-319980084,デンタルラボ　パラドックス,003-0012,札幌市白石区中央　２条　１丁目,寿白石ビル２Ｆ,1998/4/1,
北海道-札幌市保健所-319930055,ヴィヴァイスデンタルラボラトリー,003-0027,札幌市白石区本通　９丁目北４番４１号,三営ビル３　５００号,1993/6/4,
北海道-札幌市保健所-320180181,デンタル ラボ ワイズ,003-0012,札幌市白石区中央　２条　１丁目４－１,寿白石ビル３０１,2018/8/28,
北海道-札幌市保健所-320090170,ビヨンド　デンタル　ラボラトリー,003-0002,札幌市白石区東札幌　２条　３丁目７－３１,クロダビル３Ｆ,2009/8/3,
北海道-札幌市保健所-320240153,Dental Advance En,061-0200,北海道札幌市白石区中央　１条　３丁目１－６３,,2024/8/8,
北海道-札幌市保健所-320230124,株式会社札幌セラミック・ラボラトリー,003-0027,札幌市白石区本通　２丁目北７－２７　,,2023/6/26,
北海道-札幌市保健所-320200899,クリエイティブ　デンタルラボ,003-0021,札幌市白石区栄通　５丁目６－６　,,2022/12/21,
北海道-札幌市保健所-320200358,株式会社ファインズ　デンタルラボ　ファインアート,003-0021,札幌市白石区栄通１４丁目３－２７,ＴＯビル　２Ｆ,2021/11/24,
北海道-札幌市保健所-320200246,LOGOS Creative LABO.,003-0022,札幌市白石区南郷通１５丁目南６－３　,シャルム１５　１Ｆ,2004/3/2,
北海道-札幌市保健所-320190713,DENTAL LABO MIKIHA,003-0829,札幌市白石区菊水元町　９条　２丁目１－７,Ｅ歯科クリニック２階　２０２,2020/10/12,
北海道-札幌市保健所-320190432,ケニーデンタルラボ,003-0026,札幌市白石区本通　１南２－２６,,2020/4/1,
北海道-札幌市保健所-320190252,有限会社　デントクラブ,003-0026,札幌市白石区本通　１丁目南２－２６,Ｔ’ｚビル２Ｆ,2010/5/11,
北海道-札幌市保健所-320190006,ASTILL　CAD　CAMセンター,003-0021,札幌市白石区栄通１９丁目１１－１７,,2019/1/8,
北海道-札幌市保健所-320180304,中村歯科技工所,003-0023,札幌市白石区南郷通１４丁目北６－１７,プログレスコート弐番館１０１,2018/9/1,
北海道-札幌市保健所-320180139,dental lab  SESSIONS,003-0801,札幌市白石区菊水　１条　１丁目３－１４,シティペトルシュカ１Ｆ,2018/7/18,
北海道-札幌市保健所-320140418,デニング,003-0833,札幌市白石区北郷　３条　４丁目１番３５号,,2015/3/1,
北海道-札幌市保健所-320110015,ファースト・エイド,003-0831,札幌市白石区北郷　１条　８丁目３－１８,,2011/4/1,
北海道-札幌市保健所-320110129,ADVANCE DENTAL LAB.,003-0023,札幌市白石区南郷通　７丁目北５－１６,中澤ビル２０１,2011/6/21,
北海道-札幌市保健所-320110267,株式会社　BONITA-DENTAL-ART,003-0021,札幌市白石区栄通１９丁目１２－３７,壱番屋札幌ビル２０２,2011/10/1,
北海道-札幌市保健所-320180446,株式会社　デンタルスタッフにしかわ,003-0025,札幌市白石区本郷通　８丁目北７－１,山口ビル２０２,2019/3/25,
北海道-札幌市保健所-320120423,アイデンタルラボラトリー,003-0003,札幌市白石区東札幌　３条　４丁目６－９,第６コーポ渥美１Ｆ,2013/3/26,
北海道-札幌市保健所-320170455,株式会社キュステデザイン,003-0826,札幌市白石区菊水元町　６条　２丁目７－１３,,2017/3/20,
北海道-札幌市保健所-320160075,ウイングデンタルスタジオ,003-0012,札幌市白石区本通り　１丁目南２－２６,Ｔ’２ビル４０２号,2015/10/1,
北海道-札幌市保健所-320160216,Dental Lab You吉,003-0028,札幌市白石区平和通１３丁目南１－３,,2016/8/15,
北海道-札幌市保健所-320170136,白組,003-0826,札幌市白石区菊水元町　６条　２丁目７－１３,,2017/6/16,
北海道-札幌市保健所-320170172,Dental Studio Colza,003-0826,札幌市白石区菊水元町　６条　２丁目７－１３,,2017/8/2,
北海道-札幌市保健所-320170333,デンタル・アート札幌,003-0804,札幌市白石区菊水　４条　１丁目６－１９,アミヤビル３Ｆ－Ｂ,2017/12/25,
北海道-札幌市保健所-320110276,ＤＡＩＪＵ　ＤＥＮＴＡＬ　ＬＡＢＯ,003-0801,札幌市白石区菊水　１条　４丁目２－８,,2011/10/20,
北海道-札幌市保健所-320110157,ＭＯＲＯＳＡＷＡ　Ｃｅｒａｍｉｃ,004-0042,札幌市厚別区大谷地西　４丁目６－８,,2011/7/18,
北海道-札幌市保健所-320140374,合同会社　トラストデンタル,004-0063,札幌市厚別区厚別西　３条　５丁目６－１２,,2011/12/1,
北海道-札幌市保健所-320200890,ＲＥＳＱＯＬ株式会社,004-0052,札幌市厚別区厚別中央　２条　４丁目９－１５,新札幌中央メディカルビル1F,2023/1/10,
北海道-札幌市保健所-320200808,株式会社ＤＳｉ 厚別ラボ,004-0063,札幌市厚別区厚別西　３条　２丁目６－２９,,2022/11/1,
北海道-札幌市保健所-320170236,オークデンタルラボラトリー,004-0062,札幌市厚別区厚別西　２条　１丁目５－１８　,スクーデリア５１８　１F中央,2016/9/1,
北海道-札幌市保健所-320200714,ミリングセンター北海道,004-0042,札幌市厚別区大谷地西　１丁目５－８,ヴァ－ジェ共応１階,2022/8/19,
北海道-札幌市保健所-320020246,中村デンタル　ワーク　スタジオ,004-0073,札幌市厚別区厚別北　３条　４丁目１番１号,,2003/1/1,
北海道-札幌市保健所-319950035,企及デンタル・ラボ,004-0062,札幌市厚別区厚別西　２条　４丁目１番２１号,,1995/5/1,
北海道-札幌市保健所-319910084,有限会社ベニータウン・デンタル・ラボ,004-0065,札幌市厚別区厚別西　５条　１丁目５－１７,,1991/8/27,
北海道-札幌市保健所-319890206,有限会社木下デンタル・ラボラトリー,004-0064,札幌市厚別区厚別西　４条　３丁目９番１１号,,1989/10/1,
北海道-札幌市保健所-320070157,新札幌歯科工房,004-0055,札幌市厚別区厚別中央　５条　４丁目１２－２５,,2007/8/7,
北海道-札幌市保健所-320070102,デンティスタ　ボッテーガ,062-0053,札幌市豊平区月寒東　３条１５丁目６－１９,,2007/6/1,
北海道-札幌市保健所-320120298,ＳＡＴＯ．ＤＥＮＴＡＬ倶楽部,062-0052,札幌市豊平区月寒東　２条２０丁目２－７,コスモビルＢ１Ｆ,2012/5/15,
北海道-札幌市保健所-320120262,歯っぴぃデンタル・ワークス,062-0932,札幌市豊平区平岸　２条　３丁目２－２,ＭＲビル２Ｆ,2012/10/1,
北海道-札幌市保健所-320120184,株式会社グリーンデンタル,062-0041,札幌市豊平区福住　１条　９丁目　８番１３号,,2012/8/17,
北海道-札幌市保健所-320090332,ホクオウ　クリエイト,062-0902,札幌市豊平区豊平　２条　１丁目１－３９,パロスリバーサイド１０５,2010/2/1,
北海道-札幌市保健所-320090185,鈴木デンタル・ラボ,062-0034,札幌市豊平区西岡　４条１０丁目１７－１２,,2009/9/1,
北海道-札幌市保健所-320080035,Ｔ．Ａ．Ｃ．デントフィールド,062-0933,札幌市豊平区平岸　３条１８丁目３－１－１２６,モンテベルテ澄川,2008/4/11,
北海道-札幌市保健所-320130218,Ｋ・Ｓデンタル株式会社,062-0033,札幌市豊平区西岡　３条１３丁目９番１６号,,2013/8/20,
北海道-札幌市保健所-320070160,石川技研,062-0933,札幌市豊平区平岸　３条　９丁目１１－１１,狩野マンション１Ｆ,2007/8/6,
北海道-札幌市保健所-320150117,Grace Dental Art　グレイス　デンタル　アート,062-0054,札幌市豊平区月寒東　４条１６丁目２－３,,2015/6/6,
北海道-札幌市保健所-320040337,トラスト　デンタルオフィス,062-0921,札幌市豊平区中の島　１条１２丁目３番１号,,2005/3/24,
北海道-札幌市保健所-320030158,ＮＯＡＨ　デンタルラボ,062-0052,札幌市豊平区月寒東　２条２０丁目３番２号,,2003/8/2,
北海道-札幌市保健所-320030149,デンタルハンズ,062-0031,札幌市豊平区西岡　１条　８丁目１－３５,,2003/8/8,
北海道-札幌市保健所-320020232,有限会社　デンタルラボＮＣＯＺＹ,062-0034,札幌市豊平区西岡　４条１０丁目２－１,西岡ビル２Ｆ　Ａ室,2002/11/18,
北海道-札幌市保健所-320070164,アクアデンタル,062-0034,札幌市豊平区西岡　４条　２丁目５－５,,2007/8/16,
北海道-札幌市保健所-320140186,ピースアーチデンタルラボ,062-0052,札幌市豊平区月寒東　２条　３丁目１－３,ほくとビル３階,2014/8/4,
北海道-札幌市保健所-320140465,アースデンタルラボ,062-0035,札幌市豊平区西岡　５条　１丁目１－１０,１階左,2013/3/21,
北海道-札幌市保健所-320150204,T.A.C. Dent field,062-0932,札幌市豊平区平岸　２条　３丁目６－３０,,2015/5/20,
北海道-札幌市保健所-320160069,Ｄ・ＣＲＥＷデンタルラボラトリー,062-0922,札幌市豊平区中の島　２条　４丁目１－１,中の島２・４ビル３０２,2016/4/18,
北海道-札幌市保健所-320170074,株式会社ラボ・ジェイスル,062-0054,札幌市豊平区月寒東　４条１０丁目８番１０号,,2015/10/1,
北海道-札幌市保健所-320180127,Nob Dental Art,062-0035,札幌市豊平区西岡　５条１１丁目１８－３０,,2018/7/4,
北海道-札幌市保健所-320190576,株式会社Ｔ－ｆｏｕｒ,062-0922,札幌市豊平区中の島　２条　４丁目１－１,中の島２－４ビル２階,2014/8/1,
北海道-札幌市保健所-320190764,札幌義歯センター,062-0031,札幌市豊平区西岡　１条　３丁目３番６号,,2019/1/10,
北海道-札幌市保健所-320200797,つくるは,062-0902,札幌市豊平区豊平　２条　４丁目１－３７,マリアールグランデ豊平４０２,2022/10/19,
北海道-札幌市保健所-320200934,アベリラボラトリー,062-0921,札幌市豊平区中の島　１条　７丁目７－２３,,2023/2/22,
北海道-札幌市保健所-320230089,ＤＭＣＡラボ　札幌,062-0922,札幌市豊平区中の島　２条　４丁目４ー１０,中の島コンパウンド２０１,2023/5/26,
北海道-札幌市保健所-320240196,合同会社　Ｕ.art dental labo,062-0002,札幌市豊平区美園　２条　５丁目４－１０,,2016/10/6,
北海道-札幌市保健所-320020040,フォーカス　Ｄ　スタジオ,062-0933,札幌市豊平区平岸　３条１７丁目３－５６,,2002/4/15,
北海道-札幌市保健所-320030244,原田歯研,062-0921,札幌市豊平区中の島　１条　９丁目９－２２,ヴェルコート中の島１Ｆ,2003/11/1,
北海道-札幌市保健所-320140261,アベリー・ラボ,062-0933,札幌市豊平区平岸　３条１４丁目４番８号,,2014/10/1,
北海道-札幌市保健所-319830069,株式会社  平柳デンタル・ラボ,062-0903,札幌市豊平区豊平　３条　３丁目１３－２５,シャルム豊平２階,1983/11/10,
北海道-札幌市保健所-319920161,有限会社　ワールド歯研,062-0034,札幌市豊平区西岡　４条１１丁目５－１８,,1992/12/28,
北海道-札幌市保健所-319910029,エステティック・ポーセレン・ラボ,062-0008,札幌市豊平区美園　８条　２丁目７－１５,アジアビル２階,1991/5/1,
北海道-札幌市保健所-319910028,ユニオン・デンタル・アート,062-0052,札幌市豊平区月寒東　２条１９丁目５－３０,,1996/10/1,
北海道-札幌市保健所-319900023,コスモ・デンタル・ラボ,062-0052,札幌市豊平区月寒東　２条　１丁目３－６,,1990/1/20,
北海道-札幌市保健所-319890002,さくらパンデント,062-0935,札幌市豊平区平岸　５条１１丁目５－１２,,1989/4/3,
北海道-札幌市保健所-319930046,オフィスデンテック（ＯＦＦＩＣＥ　ＤＥＮＴＥＣＨ）,062-0001,札幌市豊平区美園　１条　７丁目１－１２,,1993/5/15,
北海道-札幌市保健所-319840018,道央デンタル,062-0005,札幌市豊平区美園　５条　３丁目２－３,,1984/5/20,
北海道-札幌市保健所-319890284,セイコー歯科技研,062-0922,札幌市豊平区中の島　２条　７丁目６－２,ＭＴビル,1990/3/2,
北海道-札幌市保健所-319820090,佐藤デンタルラボラトリー,062-0031,札幌市豊平区西岡　１条　４丁目６－２３,,1983/2/1,
北海道-札幌市保健所-319820074,アインデンタルラボラトリー,062-0034,札幌市豊平区西岡　４条　６丁目,,1982/11/25,
北海道-札幌市保健所-319810023,正内歯科技工所,062-0054,札幌市豊平区月寒東　４条１０丁目８－１０,,1981/6/30,
北海道-札幌市保健所-319790020,イイダデンタルスタジオ,062-0934,札幌市豊平区平岸　４条　８丁目６－１,サンセットハイツ平岸２０６,1979/5/25,
北海道-札幌市保健所-320010263,デンタルラボ・トライアル,062-0902,札幌市豊平区豊平　２条　１丁目１－３９　１０６,,2002/1/7,
北海道-札幌市保健所-320050218,(有)デンタル･サポート,062-0054,札幌市豊平区月寒東　４条１５丁目,,2005/6/1,
北海道-札幌市保健所-319840039,ホクエイ・デンタルラボラトリー,062-0901,札幌市豊平区豊平　１条　４丁目２－２５,,1984/9/7,
北海道-札幌市保健所-320000270,須田歯科技工所,062-0035,札幌市豊平区西岡　５条１３丁目１－２０,,2001/1/4,
北海道-札幌市保健所-320010092,有限会社　ラボ・マテックス,062-0921,札幌市豊平区中の島　１条　７丁目７－１３,,2001/6/25,
北海道-札幌市保健所-320010042,有限会社聖美会　スマイルファクトリー,062-0021,札幌市豊平区月寒西　１条１１丁目　２番５６号,,2001/4/27,
北海道-札幌市保健所-319860030,クリエイト・デンタル・アート,062-0053,札幌市豊平区月寒東　３条　９丁目８－１１,,1986/6/23,
北海道-札幌市保健所-320000281,ＴＭデンタルファクトリー,062-0032,札幌市豊平区西岡　２条　３丁目４－１,,2000/10/1,
北海道-札幌市保健所-319930067,有限会社カワコシ・デンタル・ラボ,062-0933,札幌市豊平区平岸　３条　９丁目８－１,平岸豊栄ビル２Ｆ,1993/6/29,
北海道-札幌市保健所-319750025,月寒デンタル・ラボラトリー,062-0051,札幌市豊平区月寒東　１条１１丁目１６６－１３,,1975/9/1,
北海道-札幌市保健所-319980131,株式会社　マイクロデント・ジャパン,062-0001,札幌市豊平区美園　１条　７丁目１－２,協励ビル３Ｆ,1998/7/27,
北海道-札幌市保健所-319970392,石狩デンタル・ラボラトリー,062-0936,札幌市豊平区平岸　６条１２丁目７－２,コーポ平岸１のＣ,1979/11/18,
北海道-札幌市保健所-319960118,デンタルラボ．エヌティティ,062-0009,札幌市豊平区美園　９条　１丁目１－１５,,1989/7/10,
北海道-札幌市保健所-319950138,川淵歯科技工所,062-0043,札幌市豊平区福住　３条　８丁目１４－８,,1995/10/10,
北海道-札幌市保健所-319950074,パシフィックデンタル,062-0912,札幌市豊平区水車町　３丁目１－１,旭グランドハイツ,1995/6/26,
北海道-札幌市保健所-319950040,セレクトデンタルシステム,062-0002,札幌市豊平区美園　２条　４丁目３－８,,1995/5/8,
北海道-札幌市保健所-319960119,ライズ・デンタルラボラトリー,062-0901,札幌市豊平区豊平　１条　７丁目１－１５,,1996/8/17,
北海道-札幌市保健所-319930137,有限会社　スタジオ・アルファ,062-0903,札幌市豊平区豊平　３条　９丁目４－２１,,1993/10/1,
北海道-札幌市保健所-319940092,デンタルラボ・エーテック,062-0021,札幌市豊平区月寒西　１条　７丁目８－２６,,1994/7/21,
北海道-札幌市保健所-320170336,Ａｒｔ Ｄｅｎｔａｌ　Ｌａｂｏ,004-0840,札幌市清田区清田１０条　３丁目１８－２１,,2017/12/23,
北海道-札幌市保健所-320060239,デンタルビューティープロ,004-0840,札幌市清田区清田１０条　４丁目１７番３３号,,2006/10/1,
北海道-札幌市保健所-320060251,デンターテクノ,004-0862,札幌市清田区北野　２条　１丁目,はるなＭＳ１Ｆ右,2006/9/1,
北海道-札幌市保健所-320060324,合同会社　札幌歯科技工センター,004-0865,札幌市清田区北野　５条　３丁目４番７号,,2007/1/1,
北海道-札幌市保健所-320080393,Ｋ・デンタルスタジオ,004-0847,札幌市清田区清田　７条　３丁目１－１８,,2009/3/17,
北海道-札幌市保健所-320100290,㈲アーム・デンタルラボラトリー,004-0815,札幌市清田区美しが丘　５条　６丁目１－２３,,1995/7/1,
北海道-札幌市保健所-320130027,Ｄａｎｋ　Ｄｅｎｔａｌ　Ｌａｂ,004-0849,札幌市清田区清田　９条　１丁目８－１５,,2013/4/11,
北海道-札幌市保健所-320200679,Ｋ．ｄｅｎｔａｌ,004-0813,札幌市清田区美しが丘　３条　２丁目９－１０,,2022/7/19,
北海道-札幌市保健所-320140388,工藤技研,004-0864,札幌市清田区北野　４条　１丁目９－３２,,2014/8/18,
北海道-札幌市保健所-320180370,慶デンタルラボ,004-0842,札幌市清田区清田　２条　２丁目３番３８号,,2019/1/1,
北海道-札幌市保健所-320200046,株式会社　FIX DENTAL LABORATORY,004-0867,札幌市清田区北野　７条　２丁目８－３３,,2013/4/22,
北海道-札幌市保健所-319940105,有限会社　サードデンタルラボラトリー,004-0845,札幌市清田区清田　５条　１丁目１－５１,,1994/8/1,
北海道-札幌市保健所-320200746,デンタルハウス,004-0849,札幌市清田区清田　９条　１丁目４－３,,2022/9/9,
北海道-札幌市保健所-320060007,海野歯科技工所,004-0848,札幌市清田区清田　８条　１丁目１２－１２,,2006/4/1,
北海道-札幌市保健所-320140043,有限会社　スペック,004-0875,札幌市清田区平岡　５条　６丁目１１－８,,2001/2/21,
北海道-札幌市保健所-319900182,株式会社　エルムポーセレン,004-0842,札幌市清田区清田　２条　２丁目１８－８,,1990/10/1,
北海道-札幌市保健所-319950075,デンタルエム,004-0833,札幌市清田区真栄　３条　２丁目１１－６,,1993/2/21,
北海道-札幌市保健所-320040056,デンタル・ラボ・小栗,004-0847,札幌市清田区清田　７条　１丁目２４番５号,,2004/5/10,
北海道-札幌市保健所-319900052,坂本デンタルプロ,004-0812,札幌市清田区美しが丘　２条　４丁目１７－１７,,1990/4/7,
北海道-札幌市保健所-319900210,本村デンタル・ラボ,004-0879,札幌市清田区平岡　９条　１丁目１６－１１,,1988/3/25,
北海道-札幌市保健所-319910106,有限会社　ケー・ディー・ラボ,004-0846,札幌市清田区清田　６条　１丁目１０－２,,1991/9/18,
北海道-札幌市保健所-319920156,北一デンタルラボ,004-0809,札幌市清田区里塚緑ケ丘　６丁目２１－３,,1993/1/4,
北海道-札幌市保健所-320010112,デンタル・オフィス・サンテック,004-0813,札幌市清田区美しが丘　３条　２丁目１２－１０,,2001/7/1,
北海道-札幌市保健所-319970296,アクト・クリエーション,004-0815,札幌市清田区美しが丘　５条　６丁目３－１４,,1997/10/20,
北海道-札幌市保健所-319970393,ヤエガシデンタルトピア,004-0862,札幌市清田区北野　２条　２丁目１９－１７,,1991/5/1,
北海道-札幌市保健所-319980330,テイオー　デンタルデザイン,004-0834,札幌市清田区真栄　４条　１丁目５－６　,,1999/3/24,
北海道-札幌市保健所-319940259,ＫＤＣラボラトリー,004-0843,札幌市清田区清田　３条　２丁目１２－１,,1995/3/20,
北海道-札幌市保健所-319890012,エス・デンタルラボ,004-0831,札幌市清田区真栄　１条　１丁目１６－１４,,1989/4/2,
北海道-札幌市保健所-320020043,コニシデンタルトラスト,004-0805,札幌市清田区里塚緑ケ丘１０丁目４番３２号,,2002/4/22,
北海道-札幌市保健所-320150168,株式会社　髙橋歯科技専,005-0004,札幌市南区澄川　４条　６丁目３－１,,2015/7/13,
北海道-札幌市保健所-320130296,有限会社デンタルパートナー・タイトフィット,005-0004,札幌市南区澄川　４条　３丁目　４番２５号,,2013/11/1,
北海道-札幌市保健所-320110149,澄川歯研,005-0004,札幌市南区澄川　４条１１丁目３－１５,,2011/7/11,
北海道-札幌市保健所-320090072,トラストデンタルラボラトリー,005-0832,札幌市南区北ノ沢　８丁目７－４５,第５あづま荘１F右,2009/5/1,
北海道-札幌市保健所-320070249,デンタルデザイン工房,005-0034,札幌市南区南３４条西　８丁目４－３,ベルファーレ２０１号,2007/11/17,
北海道-札幌市保健所-320060356,有限会社　ワイ・エムデンタル・ラボラトリー,005-0841,札幌市南区石山　１条　９丁目１－５５,,2007/3/1,
北海道-札幌市保健所-320150338,ユーズデンタルファクトリー,005-0822,札幌市南区南沢　２条　１丁目１９－２６,,2015/11/27,
北海道-札幌市保健所-320200312,伊藤デンタルラボラトリー,005-0022,札幌市南区真駒内柏丘　９－１－４,,2021/10/15,
北海道-札幌市保健所-320080101,有限会社　和田歯科技工所,061-2286,札幌市南区藤野　６条　４丁目１５番８号,,2004/12/7,
北海道-札幌市保健所-320160127,アルファ・デンタル・ラボラトリー,005-0801,札幌市南区川沿　１条　２丁目１４－３０－３０５,,2011/10/3,
北海道-札幌市保健所-319880102,有限会社　アーチデンタルラボラトリー,005-0824,札幌市南区南沢　４条　４丁目１０番２７号,,1988/10/1,
北海道-札幌市保健所-320170096,ＡＲＣデンタルアート,005-0003,札幌市南区澄川　３条　３丁目４－１０－２０５号室,,2017/5/29,
北海道-札幌市保健所-320170237,株式会社　エルムデンタルワークス,005-0006,札幌市南区澄川　６条１０丁目８ー１２,,2017/9/19,
北海道-札幌市保健所-320180196,審美ポーセレン,005-0832,札幌市南区北ノ沢　１丁目５番２１号,,2017/8/1,
北海道-札幌市保健所-320200209,合同会社　ＦＳデンタルラボ,005-0003,札幌市南区澄川　３条　２丁目５番５号,Ｆ－ＰＬＡＣＥビル　２Ｆ,2021/8/2,
北海道-札幌市保健所-320230142,中野技巧室,005-0832,札幌市南区北ノ沢　９丁目６－１３,,2023/7/12,
北海道-札幌市保健所-320030345,デンタルラボ７・４,005-0001,札幌市南区澄川　１条　３丁目６－１６,,2004/3/1,
北海道-札幌市保健所-320190358,エテルノ・ラボーロ,005-0005,札幌市南区澄川　５条１１丁目１４－１０,,2013/5/1,
北海道-札幌市保健所-319740008,有限会社　北都歯研,005-0806,札幌市南区川沿　６条　４丁目３番１号,,1974/4/21,
北海道-札幌市保健所-319890267,デンタルデザイン札幌,005-0005,札幌市南区澄川　５条１０丁目８番１０号,,1990/1/10,
北海道-札幌市保健所-320030077,デントマーク,005-0005,札幌市南区澄川　５条　４丁目３番１号,,2003/5/19,
北海道-札幌市保健所-319610017,米内歯科技工所,005-0033,札幌市南区南３３条西１０丁目３番３２号,,,
北海道-札幌市保健所-319830083,泉Ｄラボラトリー,005-0832,札幌市南区北ノ沢　５丁目５番１０号,,1984/2/11,
北海道-札幌市保健所-319850082,杉下歯科技工所,005-0842,札幌市南区石山　２条　７丁目９番８号,,1975/7/28,
北海道-札幌市保健所-319860071,有限会社　ファインデンタルラボラトリー,005-0001,札幌市南区澄川　１条　１丁目４番１０号,,1986/9/19,
北海道-札幌市保健所-319880135,ＭＥデンタルラボラトリー,005-0003,札幌市南区澄川　３条　３丁目４番１５号,佐久間ビル,1988/12/5,
北海道-札幌市保健所-319920039,ＫＩデンタル,061-2272,札幌市南区簾舞４３９番地３５,,1992/5/18,
北海道-札幌市保健所-319940106,有限会社　サダヤスデンタルワーク,005-0005,札幌市南区澄川　５条１３丁目１２番３５号,,1994/8/1,
北海道-札幌市保健所-319960151,チューリップデンタルラボラトリー,005-0843,札幌市南区石山　３条　８丁目５番１０号,,1996/10/28,
北海道-札幌市保健所-319970192,ラボテック・カワイ,005-0006,札幌市南区澄川　６条　３丁目１番２５号,むろはしビルB棟 2F,1997/7/1,
北海道-札幌市保健所-319970381,ハートデンタル・ラボ,005-0832,札幌市南区北の沢　３丁目７－４,,1998/2/2,
北海道-札幌市保健所-319980230,渡辺歯科技工室,005-0861,札幌市南区真駒内２５６－８１,,1998/11/16,
北海道-札幌市保健所-319930210,ラボラトリー　平澤,005-0824,札幌市南区南沢　４条　１丁目２番５号,,1994/3/17,
北海道-札幌市保健所-320020253,有限会社　義歯工房,061-2282,札幌市南区藤野　２条　９丁目１５番１６号,,2003/1/15,
北海道-札幌市保健所-320010012,グリーンデンタル・ラボ,005-0823,札幌市南区南沢　３条　４丁目５－８,,2001/4/1,
北海道-札幌市保健所-320050051,有限会社デンタルテクニックサービス,063-0033,札幌市西区西野　３条　８丁目３番１２号,,2005/5/13,
北海道-札幌市保健所-320130391,Dental Labo N+Style,063-0821,札幌市西区発寒　１条　３丁目４－５,ハシモトビル２Ｆ,2014/1/21,
北海道-札幌市保健所-320120424,デンタルライン,063-0031,札幌市西区西野　１条　８丁目３－１７,,2013/3/21,
北海道-札幌市保健所-320110320,プリモデンタル株式会社,063-0036,札幌市西区西野　６条　７丁目３番３６号,サンライズ１Ｆ,2011/12/1,
北海道-札幌市保健所-320110291,横山デンタル・ラボ,063-0007,札幌市西区山の手　７条　７丁目８の１１,,2011/11/1,
北海道-札幌市保健所-320110251,歯科工房いずたに,063-0034,札幌市西区西野　４条　６丁目５－１０,,2011/9/20,
北海道-札幌市保健所-320090296,アールデンタルラボラトリー,063-0062,札幌市西区西町南１７丁目２－１７,,2010/1/5,
北海道-札幌市保健所-320050327,Teeth Factory,063-0031,札幌市西区西野　１条　２丁目５番１５号,アベニール１・２　１Ｆ,2006/3/9,
北海道-札幌市保健所-320020255,有限会社　ユウ,063-0829,札幌市西区発寒　９条１３丁目３の１,,1997/6/9,
北海道-札幌市保健所-320050119,株式会社　プライムデンタル,063-0035,札幌市西区西野　５条　９丁目３－５,,2005/2/11,
北海道-札幌市保健所-320040164,セイ　デンタル　オフィス,063-0832,札幌市西区発寒１２条１１丁目９番１２号,,2004/8/20,
北海道-札幌市保健所-320030264,コアデンタルラボラトリー,063-0037,札幌市西区西野　７条１０丁目２－１０,,2003/12/1,
北海道-札幌市保健所-320150247,アキモトデンタルワークス,063-0033,札幌市西区西野　３条　７丁目６－１７,,2015/6/13,
北海道-札幌市保健所-320190234,宮の沢デンタル株式会社,063-0052,札幌市西区宮の沢　２条　２丁目４－７,,2019/9/2,
北海道-札幌市保健所-320020047,デンタライズ・ラボ,064-0944,札幌市西区平和　３条　６丁目４－１２,,2002/5/1,
北海道-札幌市保健所-320050130,KIGHT DENTAL LABO,063-0035,札幌市西区西野　５条　４丁目４－１,,2005/4/1,
北海道-札幌市保健所-320080248,Teeth・Art,063-0849,札幌市西区八軒　９条西　１丁目２番１４号,,2008/10/15,
北海道-札幌市保健所-320240121,勤医協西区技工所,063-0826,札幌市西区発寒　６条　９丁目２番６号,,2024/7/1,
北海道-札幌市保健所-320230316,バディーデンタル,063-0827,札幌市西区発寒　７条　４丁目２－２２,,2024/1/1,
北海道-札幌市保健所-320230036,Cham Lab,063-0823,札幌市西区発寒　３条　１丁目１－１３,サンプレイス琴似２C,2023/4/11,
北海道-札幌市保健所-320190838,有限会社　奥村歯研,063-0827,札幌市西区発寒　７条　５丁目１１－２１,クレストコート２－Ｂ,2021/1/1,
北海道-札幌市保健所-320190828,クリエイト１０８,063-0012,札幌市西区福井　１丁目２０番４３号,,2018/11/1,
北海道-札幌市保健所-320190728,ササキデンタルラボ,063-0036,札幌市西区西野　６条　８丁目５－１,,2020/9/4,
北海道-札幌市保健所-320190090,レイワ・テクニカル・ラボ,063-0834,札幌市西区発寒１４条２丁目３－１,滑川ビル１－Ａ,2019/5/1,
北海道-札幌市保健所-320190342,原デンタルテクニック,063-0847,札幌市西区八軒　７条西　７丁目１－１８,,2020/1/1,
北海道-札幌市保健所-320160386,NEEDS Dental Lab,063-0845,札幌市西区八軒　５条西１０丁目１－４８－１,,2017/2/1,
北海道-札幌市保健所-320190099,masaru　デンタル　アーツ,063-0843,札幌市西区八軒　３条西　４丁目５－７,,2019/6/1,
北海道-札幌市保健所-320000275,有限会社エー．オー．ユー,063-0812,札幌市西区琴似　２条　５丁目１番２２号,,2001/1/27,
北海道-札幌市保健所-320190052,ハイテクニカル,063-0039,札幌市西区西野　９条　４丁目１－３５,橋本ビル２Ｆ,2019/4/22,
北海道-札幌市保健所-320180185,株式会社ドリームドア,063-0032,札幌市西区西野　２条　６丁目３番１３号１階,,2018/8/27,
北海道-札幌市保健所-320180065,株式会社シンビオデンタルラボ,063-0001,札幌市西区山の手　１条１２丁目１４－１０,,2016/9/1,
北海道-札幌市保健所-320170349,ディーワークス,063-0034,札幌市西区西野　７条１０丁目１７－１５,,2018/1/11,
北海道-札幌市保健所-320170286,株式会社　近江歯研,063-0801,札幌市西区二十四軒　１条　６丁目１２－１１,,2017/10/10,
北海道-札幌市保健所-320190456,ユー・デンタルデザイン,063-0053,札幌市西区宮の沢　３条　３丁目１６番１号,,2020/4/1,
北海道-札幌市保健所-319840066,ミカワデンタルラボラトリー,063-0843,札幌市西区八軒　３条西　２丁目８－８,,1984/11/26,
北海道-札幌市保健所-319910180,有限会社タカ・テック,063-0827,札幌市西区発寒　７条　５丁目９－７,,1992/3/25,
北海道-札幌市保健所-319900194,パール歯科技研,063-0003,札幌市西区山の手　３条　７丁目３－１,,1990/12/17,
北海道-札幌市保健所-319900170,デンタルパートナーファジィー,063-0803,札幌市西区二十四軒　３条　５丁目４－１,,1990/11/1,
北海道-札幌市保健所-319890229,西野デンタルラボラトリー,063-0040,札幌市西区西野１０条　６丁目１－１２,,1989/10/20,
北海道-札幌市保健所-319890113,サンスリーデンタルラボ,063-0826,札幌市西区発寒　６条　７丁目３－１２,,1989/7/26,
北海道-札幌市保健所-319890016,田淵歯科技工所,063-0021,札幌市西区平和　１条　４丁目５－１０,,1989/4/20,
北海道-札幌市保健所-319920013,アースデンタル・ラボラトリー,063-0051,札幌市西区宮の沢　１条　５丁目１－５０,第２河原ビル１階左,1992/3/30,
北海道-札幌市保健所-319850047,浅石歯科技工所,063-0054,札幌市西区宮の沢　４条　５丁目２－１６,,1985/7/26,
北海道-札幌市保健所-319870119,シーディーシー札幌,063-0801,札幌市西区二十四軒　１条　５丁目１－３４,,1988/2/1,
北海道-札幌市保健所-319820052,京成デンタルラボラトリー,063-0803,札幌市西区二十四軒　３条　７丁目５－６－６２,,,
北海道-札幌市保健所-319820023,ローヤルデンタルラボ,063-0823,札幌市西区発寒　３条　５丁目６－１,,1982/6/2,
北海道-札幌市保健所-319780056,サンデンタルアート,063-0849,札幌市西区八軒　９条西　３丁目２－１４,,1979/1/16,
北海道-札幌市保健所-319600009,野坂歯科技工所,063-0001,札幌市西区山の手　１条　２丁目２－１１,,,
北海道-札幌市保健所-320000262,モウリ・デンタルオフィス,063-0038,札幌市西区西野　８条　９丁目３番１０号,,2001/1/6,
北海道-札幌市保健所-320090305,ＴＭデンタルラボ,063-0022,札幌市西区平和　２条　５丁目５－６　,,2009/12/21,
北海道-札幌市保健所-319850114,柏葉歯科技工所,063-0830,札幌市西区発寒１０条　５丁目６－１０,,1986/3/3,
北海道-札幌市保健所-319990193,ヨシナミデンタルラボラトリー,063-0005,札幌市西区山の手　５条　４丁目２－３０,,1999/10/27,
北海道-札幌市保健所-319850100,オーエヌデンタルラボ,063-0804,札幌市西区二十四軒　４条　３丁目,カルチェド札幌１,1985/12/3,休止中
北海道-札幌市保健所-320000015,Ｇ－ＣＲＡＦＴ,063-0062,札幌市西区西町南１１丁目６－１８,,2000/4/1,
北海道-札幌市保健所-319920186,ピュアデンタルスタジオ,063-0040,札幌市西区西野１０条　８丁目１２－２３,,1993/3/3,休止中
北海道-札幌市保健所-319990170,ラボテックＫ,063-0022,札幌市西区平和　２条　２丁目８番８号,,1999/10/1,
北海道-札幌市保健所-319980290,マイクロテックス,063-0850,札幌市西区八軒１０条西　４丁目１０番１２号,,1999/2/4,
北海道-札幌市保健所-319980146,有限会社デンタル・ラボ歯優斗,063-0012,札幌市西区福井　５丁目１６番１６号,,1998/8/1,
北海道-札幌市保健所-319980020,デンタルラボ・阿部,063-0036,札幌市西区西野　６条１０丁目２－１８,,1998/4/6,
北海道-札幌市保健所-319970380,イノデンタル・ラボ,063-0831,札幌市西区発寒１１条　４丁目１９－３,高橋ビル２階　２０３号,1997/12/22,
北海道-札幌市保健所-319960075,デンタル・ラボ・深沢,063-0827,札幌市西区発寒　７条１４丁目５１１番地４１,,1996/6/1,
北海道-札幌市保健所-319940184,イケダデンタルプラント,063-0002,札幌市西区山の手　２条　４丁目５－１６,青木ビル２０３,1994/11/21,
北海道-札幌市保健所-319930186,コスモデンタルラボラトリー,063-0023,札幌市西区平和　３条１０丁目４－２,,1994/1/7,
北海道-札幌市保健所-319940242,テクニカル・ワーク,063-0061,札幌市西区西町北１３丁目３－１９,,1995/2/27,
北海道-札幌市保健所-319950009,ＫＯＹＡデンタルラボラトリー,063-0053,札幌市西区宮の沢　３条　５丁目１７－２５,,1995/4/2,
北海道-札幌市保健所-319950037,デンタルラボアシスト,063-0844,札幌市西区八軒　４条西　２丁目２－２１,,1995/5/9,
北海道-札幌市保健所-319950233,有限会社アイテムジャパン,063-0035,札幌市西区西野　５条　２丁目１番１７号,,1996/3/22,
北海道-札幌市保健所-319960055,デンタル・ラボ・戸島,063-0023,札幌市西区平和　３条　７丁目３－１０,,1996/5/13,
北海道-札幌市保健所-319930036,ウェストデンタルアート,063-0012,札幌市西区福井　３丁目１０－２８,,1993/5/10,
北海道-札幌市保健所-320040322,株式会社札幌メディカルラボ,006-0001,札幌市手稲区西宮の沢　１条　４丁目１０番１７号,,2005/3/22,
北海道-札幌市保健所-320180316,COSMIC DENTAL合同会社,006-0853,札幌市手稲区星置　３条　５丁目９番５号１０２号,,2018/7/2,
北海道-札幌市保健所-320110325,メロディーラボ,006-0013,札幌市手稲区富丘　３条　４丁目１０番３０号,,1998/4/1,
北海道-札幌市保健所-320060333,札幌義歯研究所,006-0034,札幌市手稲区稲穂　４条　４丁目１１番７号,,2007/1/19,
北海道-札幌市保健所-320080160,アームデンタルラボラトリー,006-0816,札幌市手稲区前田　６条　５丁目１－１０,手稲イースト歯科２階,2008/7/18,
北海道-札幌市保健所-320080228,デンチャー・ヤマダ,006-0807,札幌市手稲区新発寒　７条１１丁目７－１５,,2000/5/1,
北海道-札幌市保健所-320090064,有限会社　福森デンタルラボ,006-0804,札幌市手稲区新発寒　４条　３丁目３－２号,,1997/8/1,
北海道-札幌市保健所-320090264,有限会社　歯科工房,006-0014,札幌市手稲区富丘　４条　１丁目４－１５,,1995/7/1,
北海道-札幌市保健所-320090301,ヒロデンタルオフィス,006-0818,札幌市手稲区前田　８条１８丁目９番１号,,2010/1/1,
北海道-札幌市保健所-320120133,合同会社アドバンス・ブレーン,006-0806,札幌市手稲区新発寒　６条　９丁目６－２５,,2011/10/28,
北海道-札幌市保健所-320160364,合同会社ケードデンタルラボ,006-0807,札幌市手稲区新発寒　７条　６丁目８－６,,2017/1/4,
北海道-札幌市保健所-320200590,オービスデンタルテクニカ有限会社,006-0806,札幌市手稲区新発寒　６条　９丁目３－２８,,2021/4/1,
北海道-札幌市保健所-320180157,Dental Labo ぎしっこ,006-0853,札幌市手稲区星置　３条　７丁目１５－８,,2018/8/1,
北海道-札幌市保健所-320010019,デンタル　クルー,006-0818,札幌市手稲区前田　８条１１丁目１－１５,,2001/4/2,
北海道-札幌市保健所-320190695,ラボ長岡,006-0023,札幌市手稲区手稲本町　３条　１丁目４－３０,,2020/9/14,
北海道-札幌市保健所-320190760,バレンティア・ラボ,006-0002,札幌市手稲区西宮の沢　２条　３丁目９－２９,,2020/11/30,
北海道-札幌市保健所-320230391,株式会社ＭＤＳ札幌,006-0836,札幌市手稲区曙　６条　１丁目１番３０号,,2023/4/25,
北海道-札幌市保健所-320180082,Blast dental lab,006-0042,札幌市手稲区金山　２条　１丁目５－１０,,2018/6/1,
北海道-札幌市保健所-319920002,ジェットデンタルサービス,006-0803,札幌市手稲区新発寒　３条　４丁目,こじま歯科２階,1992/4/1,
北海道-札幌市保健所-319760010,横山デンタルラボ,006-0041,札幌市手稲区金山　１条　２丁目１０番１５号,,1976/5/29,
北海道-札幌市保健所-319790073,サカイデンタルラボラトリー,006-0022,札幌市手稲区手稲本町　２条　５丁目１１番１４号,,1979/11/10,
北海道-札幌市保健所-319820085,有限会社コア・ブレーン,006-0807,札幌市手稲区新発寒　７条　９丁目６番８号,,1983/1/6,
北海道-札幌市保健所-319870067,星野歯科技工所,006-0837,札幌市手稲区曙　７条　１丁目１２番３号,,1987/9/11,休止中
北海道-札幌市保健所-319870090,第一デンタル・ラボ,006-0811,札幌市手稲区前田　１条　３丁目５番３号,１条マンション　１階,1987/11/23,
北海道-札幌市保健所-319890236,有限会社二十四軒歯科ラボラトリー,006-0813,札幌市手稲区前田　３条　４丁目３番２２号,,1989/11/27,
北海道-札幌市保健所-319790072,マツザカデンタルラボラトリー,006-0022,札幌市手稲区手稲本町　２条　５丁目,,1979/11/19,
北海道-札幌市保健所-319910135,フェースデンタルラボラトリー,006-0022,札幌市手稲区手稲本町　２条　５丁目１１番２３号,,1991/12/5,
北海道-札幌市保健所-319980258,デンタル・プロ,006-0818,札幌市手稲区前田　８条１０丁目１２－１７,,1998/12/21,
北海道-札幌市保健所-319920159,柿崎デンタル・ラボ,006-0050,札幌市手稲区星置南　１丁目４番８号,,1992/10/1,
北海道-札幌市保健所-319930184,橋野デンタルラボラトリー,006-0014,札幌市手稲区富丘　４条　１丁目１番８２号,,1994/1/5,
北海道-札幌市保健所-319940029,医療法人社団　宮の沢パーク歯科歯科技工部,006-0004,札幌市手稲区西宮の沢　４条　４丁目２９１－５１,松原コート西宮の沢２－２０１号,1994/4/1,
北海道-札幌市保健所-319950165,市澤歯科技工所,006-0805,札幌市手稲区新発寒　５条　５丁目３－１３,,1995/11/6,
北海道-札幌市保健所-319970085,ノースクラフト,006-0806,札幌市手稲区新発寒　６条　２丁目１０９６－４４,,1997/1/6,
北海道-札幌市保健所-319970204,中塚デンタル・クラフト,006-0811,札幌市手稲区前田　１条　４丁目４－２２,,1997/7/10,
北海道-札幌市保健所-319980118,大川歯科技工室,006-0819,札幌市手稲区前田　９条１１丁目９番１２号,,1998/7/7,
北海道-札幌市保健所-319910104,マタムラ技研,006-0001,札幌市手稲区西宮の沢　１条　３丁目２２６番地９,,1991/10/1,
